"WO/SO #","Customer","Invoice#","Outgoing Form#","Invoice Date"
"SO-20241495","Teleo Inc.","","",""
"SO-20241495","Teleo Inc.","","",""
"SO-20241414","SenSen Networks","DS-20250724","",""
"SO-20241415","SenSen Networks","DS-20250724","",""
"SO-20250326","Noah Medical Corporation","","",""
"SO-20250327","Noah Medical Corporation","","",""
"SO-20250328","Noah Medical Corporation","","",""
"SO-20250329","Noah Medical Corporation","","",""
"SO-20250330","Noah Medical Corporation","","",""
"SO-20250331","Noah Medical Corporation","","",""
"SO-20250332","Noah Medical Corporation","","",""
"SO-20240258","Xanthon","","",""
"SO-20240311","Xanthon","","",""
"SO-20240312","Xanthon","","",""
"SO-20240313","Xanthon","","",""
"SO-20240314","Xanthon","","",""
"SO-20240315","Xanthon","","",""
"SO-20250373","Area51 Electronics","","",""
"SO-20250391","Urban Transportation Associates","","",""
"SO-20250418","Area51 Electronics","","",""
"SO-20250419","Area51 Electronics","","",""
"SO-20250455","Tek 84 Engineering Group","","",""
"SO-20250456","Tek 84 Engineering Group","","",""
"SO-20250457","Tek 84 Engineering Group","","",""
"SO-20250458","Tek 84 Engineering Group","","",""
"SO-20250547","Cognex Corporation","","",""
"SO-20250575","Petrospec Engineering Inc.","","",""
"SO-20250605","Musashi AI","DS-20250559","",""
"SO-20250620","Uber Technologies","DS-20250613","",""
"SO-20250621","Uber Technologies","DS-20250613","",""
"SO-20250640","FireFly Automatix, Inc.","","",""
"SO-20250641","FireFly Automatix, Inc.","","",""
"SO-20250642","FireFly Automatix, Inc.","","",""
"SO-20250687","California Designs & Systems, Inc.","","",""
"SO-20250721","Industrial PC","","",""
"SO-20250757","General Dynamics Mission Systems","","",""
"SO-20250759","California Designs & Systems, Inc.","","",""
"SO-20250809","American Portwell Technology, Inc.","DS-20250642","",""
"SO-20250821","Celestica Inc.","","",""
"SO-20250780","Uber Technologies","","",""
"SO-20250779","Uber Technologies","","",""
"SO-20250797","FPInnovations","DS-20250712","",""
"SO-20250871","Traysar Inc.","","",""
"SO-20250872","COAST Automation","","",""
"SO-20250911","Rotor Technologies, Inc.","","",""
"SO-20250953","American Portwell Technology, Inc.","","",""
"SO-20250964","Xiris Automation Inc.","DS-20250795","",""
"SO-20250780","Uber Technologies","","",""
"SO-20250976","Venture Electronics Services (Malaysia) Sdn. Bhd.","DS-20250932","",""
"SO-20250977","Venture Electronics Services (Malaysia) Sdn. Bhd.","DS-20250932","",""
"SO-20250979","Venture Electronics Services (Malaysia) Sdn. Bhd.","DS-20251051","",""
"SO-20250948","SHI International Corp","","",""
"SO-20251014","SHI International Corp","","",""
"SO-20251063","Northbay Networks","DS-20250830","",""
"SO-20251063","Northbay Networks","DS-20250887
","",""
"SO-20250983","Invision Ai, Inc","DS-20250956","",""
"SO-20251000","U.S. Department of Agriculture","","",""
"SO-20251071","8th Revolution","","",""
"SO-20251071","8th Revolution","","",""
"SO-20251084","RIOS Intelligent Machines","","",""
"SO-20251093","Typhoon HIL, Inc.","DS-20250832","",""
"SO-20251097","Sim Sports Corporation / GolfIn","","",""
"SO-20251116","RIOS Intelligent Machines","","",""
"SO-20250899","Contoro Inc","","",""
"SO-20251139","LA Metro","","",""
"SO-20250976","Venture Electronics Services (Malaysia) Sdn. Bhd.","DS-20251051","",""
"SO-20250977","Venture Electronics Services (Malaysia) Sdn. Bhd.","DS-20251051","",""
"SO-20251191","RIOS Intelligent Machines","","",""
"EO-20250002","COAST Automation","","",""
"SO-20250821","Celestica Inc.","","",""
"SO-20251210","Velasea","","",""
"SO-20251212","COAST Automation","","",""
"SO-20251214","NASA Ames Research Center","","",""
"SO-20251228","Honeywell International Inc","","",""
"SO-20251247","Traysar Inc.","DS-20250959","",""
"SO-20251280","Dexterity, Inc.","","",""
"SO-20251285","Sim Sports Corporation / GolfIn","DS-20251112","",""
"SO-20251371","NuPort Robotics Inc.","DS-20251145","",""
"SO-20251388","Cognex Corporation","DS-20251133","",""
"SO-20251389","Cognex Corporation","DS-20251133","",""
"SO-20251421","Noah Medical Corporation","","",""
"SO-20251422","Noah Medical Corporation","","",""
"SO-20251423","Noah Medical Corporation","","",""
"SO-20251424","Noah Medical Corporation","","",""
"SO-20251485","WorkVis.io Inc","","",""
"SO-20251494","Xiris Automation Inc.","DS-20251246","",""
"SO-20251578","Mid-Atlantic Rugged Systems","","",""
"SO-20251579","Mid-Atlantic Rugged Systems","","",""
"SO-20251590","Venture Electronics Services (Malaysia) Sdn. Bhd.","DS-20251384","",""
"SO-20251605","Aerflite Canada Inc.","","",""
"SO-20251632","Flanders Inc","","",""
"SO-20251640","COAST Automation","","",""
"SO-20251708","DCS Corp","","",""
"SO-20251735","Xiris Automation Inc.","DS-20260062","",""
"SO-20251762","Laserax","","",""
"SO-20251769","Rayhawk","","",""
"SO-20251771","Rayhawk","","",""
"SO-20251772","Rayhawk","","",""
"SO-20251773","Rayhawk","","",""
"SO-20251774","Rayhawk","","",""
"SO-20251788","Applied Intuition, Inc.","","",""
"SO-20260008","Qualcomm Technologies, Inc.","","",""
"SO-20260012","RDI Technologies","","",""
"SO-20251695","FireFly Automatix, Inc.","","",""
"SO-20260048","Planted Solar","","",""
"SO-20260055","Greenzie","","",""
"SO-20260067","Applied Intuition, Inc.","","",""
"SO-20260071","International
Automation Solutions","","",""
"SO-20260070","Daitron, Inc.","","",""
"SO-20260076","Vermeer Corporation","","",""
"SO-20260073","Centre de technologies avanc?es BRP - Universit? de Sherbrooke (CTA)","","",""
"SO-20260072","Centre de technologies avanc?es BRP - Universit? de Sherbrooke (CTA)","","",""
"SO-20260074","Centre de technologies avanc?es BRP - Universit? de Sherbrooke (CTA)","","",""
"SO-20260077","Carnegie Robotics","","",""
"SO-20260078","Carnegie Robotics","","",""
"SO-20260081","AIM Intelligent Machines","","",""
"SO-20260084","Dedrone","","",""
"SO-20260086","Simple Vision Technology","","",""
"SO-20260094","Pave Mobility","","",""
"SO-20260095","Pave Mobility","","",""
"SO-20260096","Flanders Inc","","",""
"SO-20260110","Re:Build Manufacturing","","",""
"SO-20260112","Dedrone","","",""
"SO-20260113","Dedrone","","",""
"SO-20260114","Dedrone","","",""
"SO-20260115","Boston Scientific","","",""
"SO-20260121","den Haring and Associates LLC","","",""
"SO-20260116","Applied Intuition, Inc.","","",""
"SO-20260126","Genie Mobility","","",""
"SO-20260139","Isuzu Technical Center of America, Inc","","",""
"SO-20260144","ARES Security Corporation","","",""
"SO-20260148","Centre de technologies avanc?es BRP - Universit? de Sherbrooke (CTA)","","",""
"SO-20260150","Ardea Technologies Inc.","","",""
"SO-20260160","I4 SOLUTION, LLC","","",""
"SO-20260161","RC Mowers","","",""
"SO-20260128","Amentum Services Inc","","",""
"SO-20260167","AIM Intelligent Machines","","",""
"SO-20260168","AIM Intelligent Machines","","",""
"SO-20260171","Xiris Automation Inc.","DS-20260218","",""
"SO-20260169","Applied Intuition, Inc.","","",""
"SO-20260175","Seafloor Systems, Inc","","",""
"SO-20260176","Autowash Holdings, LLC","","",""
"SO-20260177","Carnegie Robotics","","",""
"SO-20260183","Areias Systems, Inc.","","",""
"SO-20260189","Planted Solar","","",""
"SO-20260190","Sony Electronics Inc.","","",""
"SO-20260191","Sony Electronics Inc.","","",""
"SO-20260193","Anixter Inc.","","",""
"SO-20260192","Rayhawk","","",""
"SO-20260195","International Road Dynamics Inc.","","",""
"SO-20260201","Amentum Services Inc","","",""
"SO-20260205","Tocaro Blue","","",""
"SO-20260208","International Road Dynamics Inc.","","",""
"SO-20260209","Honeywell International Inc","","",""
"SO-20260210","COAST Automation","","",""
"SO-20260212","MEDATech/Borterra","","",""
"SO-20260218","International Road Dynamics Inc.","","",""
"SO-20260220","Aerflite Canada Inc.","","",""
"SO-20260221","COAST Automation","","",""
"SO-20260225","Volley Automation","","",""
"SO-20260228","Scout AI Inc.","","",""
"SO-20260229","Monteris Medical","","",""
"SO-20260231","Pave Mobility","","",""
"SO-20260233","DSC Dredge LLC","","",""
"SO-20260234","Keysight Technologies, Inc.","","",""
"SO-20260235","Flywheel Data","","",""
"SO-20260237","Aviation & Missile Solutions LLC","","",""
"SO-20260240","InflexionPoint, LLC","","",""
"SO-20260241","InflexionPoint, LLC","","",""
"SO-20260242","SIL4 Systems, Inc.","","",""
"SO-20260243","SIL4 Systems, Inc.","","",""
"SO-20260244","Autowash Holdings, LLC","","",""
"SO-20260216","Re:Build Manufacturing","","",""
"SO-20260247","EOG Resources","","",""
"SO-20260248","PickNik Robotics","","",""
"SO-20260249","Genesis Automation","","",""
"SO-20260254","Daitron, Inc.","","",""
"SO-20260257","PT Papertech Inc.","","",""
"SO-20260258","Ank Solutions","","",""
"SO-20260264","Textron Specialized Vehicles Inc.","","",""
"SO-20250327","Noah Medical Corporation","","",""
"SO-20260263","Dedrone","","",""
"SO-20260265","Rivian","","",""
"SO-20260266","Carnegie Robotics","","",""
"SO-20260267","Carnegie Robotics","","",""
"SO-20260268","M3 Technology","","",""
"SO-20260269","The Imaging Source, LLC","","",""
"SO-20260272","Applied Intuition, Inc.","","",""
"SO-20260273","Laserax","","",""
"SO-20260277","Transduction","","",""
"SO-20260276","Winpak Portion Packaging, Inc.","","",""
"SO-20260274","Arete","","",""
"SO-20260279","Neya Systems","","",""
"SO-20260280","Flyscan Systems Inc.","","",""
"SO-20260281","SHI International Corp","","",""
"SO-20260278","Bluewater Autonomy","","",""
"SO-20260286","Eos Energy Enterprises","","",""
"SO-20260283","Dedrone","","",""
"SO-20260284","Automated Environments","","",""
"SO-20260290","Honeywell International Inc","","",""
"SO-20260291","Honeywell International Inc","","",""
"SO-20260289","Win Reality Inc.","","",""
"SO-20260292","Amentum Services Inc","","",""
"SO-20260293","Globus Medical","","",""
"SO-20260296","Aerflite Canada Inc.","","",""
"SO-20260298","InflexionPoint, LLC","","",""
"SO-20260299","InflexionPoint, LLC","","",""
"SO-20260302","RC Mowers","","",""
"SO-20260303","iba LAT","","",""
"SO-20260305","Boston Scientific","","",""
"SO-20260307","MEDATech/Borterra","","",""
"SO-20260308","COAST Automation","","",""
"SO-20260320","MEDATech/Borterra","","",""
"SO-20260319","Boston Scientific","","",""
"SO-20260323","Applied Intuition, Inc.","","",""
"SO-20260324","Vermeer Corporation","","",""
"SO-20260325","Aeva","","",""
"SO-20260309","Automated Environments","","",""
"SO-20260310","Automated Environments","","",""
"SO-20260311","Automated Environments","","",""
"SO-20260312","Automated Environments","","",""
"SO-20260313","Automated Environments","","",""
"SO-20260314","Automated Environments","","",""
"SO-20260315","Automated Environments","","",""
"SO--20260327","UltraFlex Power Technologies","","",""
"SO-20260328","Sigma Defense Systems LLC","","",""
"SO-20260329","Applied Intuition, Inc.","","",""
"SO-20260331","Globe Machine Manufacturing Company Burelbach Industries","","",""
"SO-20260330","Acuitus Ag","","",""
"SO-20260332","The Imaging Source, LLC","","",""
"SO-20260333","ALM Positioners Inc.","","",""
"SO-20260334","Laserax","","",""
"SO-20260335","SenSen Networks","","",""
"SO-20260336","Tenneco","","",""
"SO-20260337","FK MACHINERY LIMITED","","",""
"SO-20260338","PaR Systems, LLC","","",""
"SO-20260340","Monteris Medical","","",""
"SO-20260339","Cognex Corporation","","",""
"SO-20260341","Intramotev Inc","","",""
"SO-20260350","Carnegie Robotics","","",""
"SO-20260343","COAST Automation","","",""
"SO-20260344","COAST Automation","","",""
"SO-20260345","COAST Automation","","",""
"SO-20260346","COAST Automation","","",""
"SO-20260347","COAST Automation","","",""
"SO-20260348","COAST Automation","","",""
"SO-20260349","COAST Automation","","",""
"SO-20260342","Neteon Technologies, Inc.","","",""
"SO-20260351","International Road Dynamics Inc.","","",""
"SO-20251627","COAST Automation","DS-20251295","EO2509-01",""
"SO-20250315","Aerflite Canada Inc.","DS-20250659","N/A",""
"SO-20250316","Aerflite Canada Inc.","DS-20250755","N/A",""
"SO-20250317","Aerflite Canada Inc.","DS-20250755","N/A",""
"SO-20250572","Keysight Technologies, Inc.","DS-20260231","N/A",""
"SO-20250573","Keysight Technologies, Inc.","DS-20260232","N/A",""
"SO-20250752","University of Illinois Urbana-Champaign","DS-20250570","N/A",""
"SO-20250859","GovSmart, Inc.","DS-20250622","N/A",""
"SO-20250861","GovSmart, Inc.","DS-20250624","N/A",""
"SO-20250862","Pave Mobility","DS-20250641","N/A",""
"SO-20250928","G&H | GS Optics","DS-20250687","N/A",""
"SO-20251479","Pave Mobility","DS-20251147","N/A",""
"SO-20251495","Honeywell International Inc","DS-20251320","N/A",""
"SO-20251496","Honeywell International Inc","DS-20260180","N/A",""
"SO-20251781","COAST Automation","DS-20260113","N/A",""
"SO-20251513","Keysight Technologies, Inc.","DS-20251171","No Outgoing#",""
"SO-20250454","Tek 84 Engineering Group","DS-20260055","O02601-053",""
"SO-20260226","Tenneco","DS-20260182","O2410-043",""
"SO-20250107","LensLock, Inc.","DS-20250310","O2503-100",""
"SO-20250406","Bluewater Autonomy","DS-20250468","O2504-004",""
"SO-20250704","Celestica Inc.","DS-20250533","O2504-069",""
"SO-20250362","Inficon Inc.","DS-20250417","O2504-089",""
"SO-20250654","COAST Automation","DS-20250501","O2505-033",""
"SO-20250659","Boston Scientific","DS-20250502","O2505-034",""
"SO-20250661","Visionary Technologies","DS-20250503","O2505-035",""
"SO-20250664","DigiKey","DS-20250504","O2505-036",""
"SO-20250568","Echodyne Corp","DS-20250505","O2505-037",""
"SO-20250559","Tenneco","DS-20250506","O2505-038",""
"SO-20250500","Aerflite Canada Inc.","DS-20250507","O2505-039",""
"SO-20250596","Qualcomm Technologies, Inc.","DS-20250508","O2505-040",""
"SO-20250607","Jet Stream Systems, Inc","DS-20250509","O2505-041",""
"SO-20250577","Peak WiFi, LLC","DS-20250510","O2505-042",""
"SO-20250657","HII Mission Technologies","DS-20250511","O2505-043",""
"SO-20250587","MicroDISC, Inc.","DS-20250512","O2505-044",""
"SO-20250592","Velasea","DS-20250513","O2505-045",""
"SO-20250653","Cogniac Corporation","DS-20250514","O2505-046",""
"SO-20250229","Celestica Inc.","DS-20250516","O2505-047",""
"SO-20250747","Lightning Pick","DS-20250564","O2505-048",""
"SO-20250516","Lightning Pick","DS-20250517","O2505-048",""
"SO-20250652","DEVCOM Army Research Laboratory","DS-20250518","O2505-049",""
"SO-20250684","Laserax","DS-20250521","O2505-050",""
"SO-20250682","Keysight Technologies, Inc.","DS-20250522","O2505-051",""
"SO-20250566","CLAAS of America","DS-20250523","O2505-052",""
"SO-20250585","Saronic Technologies","DS-20250524","O2505-053",""
"SO-20250544","Invision Ai, Inc","DS-20250525","O2505-054",""
"SO-20250618","Qualcomm Technologies, Inc.","DS-20250526","O2505-055",""
"SO-20250525","Raise Robotics","DS-20250527","O2505-056",""
"SO-20250500","Aerflite Canada Inc.","DS-20250528","O2505-057",""
"SO-20250528","Lightning Pick","DS-20250529","O2505-058",""
"SO-20250528","Lightning Pick","DS-20250529","O2505-058",""
"SO-20250700","General Technics Inc","DS-20250530","O2505-059",""
"SO-20250694","EmbedTek, LLC","DS-20250531","O2505-060",""
"SO-20250552","Aerflite Canada Inc.","DS-20250534","O2505-061",""
"SO-20250603","Physical Sciences Inc.","DS-20250535","O2505-062",""
"SO-20250685","Wilder Systems LLC","DS-20250536","O2505-063",""
"SO-20250686","Wilder Systems LLC","DS-20250537","O2505-064",""
"SO-20250308","Noah Medical Corporation","DS-20250538","O2505-065",""
"SO-20250635","SHI International Corp","DS-20250539","O2505-066",""
"SO-20250597","International Road Dynamics Inc.","DS-20250540","O2505-067",""
"SO-20250623","Boson Motor Inc","DS-20250541","O2505-068",""
"SO-20250626","RailPod Inc.","DS-20250542","O2505-069",""
"SO-20241143","Sami Agtech Inc","DS-20250543","O2505-070",""
"SO-20250712","Xiris Automation Inc.","DS-20250544","O2505-071",""
"SO-20250571","Advantage Electric Supply","DS-20250545","O2505-072",""
"SO-20250551","Aerflite Canada Inc.","DS-20250546","O2505-073",""
"SO-20250479","Concurrent Real-Time, Inc.","DS-20250548","O2505-074",""
"SO-20250524","InflexionPoint, LLC","DS-20250549","O2505-075",""
"SO-20250697","Dataspeed Inc.","DS-20250550","O2505-076",""
"SO-20250708","Joby Aviation","DS-20250551","O2505-077",""
"SO-20250717","Digikey","DS-20250552","O2505-078",""
"SO-20250719","Digikey","DS-20250553","O2505-079",""
"SO-20250500","Aerflite Canada Inc.","DS-20250554","O2505-080",""
"SO-20250490","Boston Scientific","DS-20250555","O2505-081",""
"SO-20250580","Boston Scientific","DS-20250556","O2505-082",""
"SO-20250581","Boston Scientific","DS-20250557","O2505-083",""
"SO-20250339","Maritime Applied Physics Corporation dba BlackSea Technologies","DS-20250558","O2505-084",""
"SO-20250598","Seafloor Systems, Inc","DS-20250561","O2505-085",""
"SO-20250645","Construction Engineering Research Laboratory (CERL)","DS-20250562","O2505-086",""
"SO-20250646","Construction Engineering Research Laboratory (CERL)","DS-20250563","O2505-087",""
"SO-20250705","COAST Automation","DS-20250565","O2505-088",""
"SO-20250689","Higher Ground LLC","DS-20250566","O2505-089",""
"SO-20250689","Higher Ground LLC","DS-20250566","O2505-089",""
"SO-20250689","Higher Ground LLC","DS-20250566","O2505-089",""
"SO-20250397","SIL4 Systems, Inc.","DS-20250567","O2505-090",""
"SO-20250574","University of Wisconsin-Madison","DS-20250568","O2505-091",""
"SO-20250696","Echodyne Corp","DS-20250569","O2505-092",""
"SO-20250680","Construction Engineering Research Laboratory (CERL)","DS-20250573","O2506-001",""
"SO-20250611","Bluewater Autonomy","DS-20250574","O2506-002",""
"SO-20250578","FK MACHINERY LIMITED","DS-20250575","O2506-003",""
"SO-20250424","Alter Biota Inc.","DS-20250576","O2506-004",""
"SO-20250424","Alter Biota Inc.","DS-20250576","O2506-004",""
"SO-20250500","Aerflite Canada Inc.","DS-20250577","O2506-005",""
"SO-20250309","Noah Medical Corporation","DS-20250578","O2506-006",""
"SO-20250663","CCTV.Net","DS-20250579","O2506-007",""
"SO-20250650","TeleSwivel LLC","DS-20250580","O2506-008",""
"SO-20250586","Saronic Technologies","DS-20250581","O2506-009",""
"SO-20250672","L3 HARRIS TECHNOLOGIES INC.","DS-20250582","O2506-010",""
"SO-20250674","L3 HARRIS TECHNOLOGIES INC.","DS-20250583","O2506-011",""
"SO-20250759","California Designs & Systems, Inc.","DS-20250584","O2506-012",""
"SO-20250667","Boston Scientific","DS-20250585","O2506-013",""
"SO-20250741","Boston Scientific","DS-20250586","O2506-014",""
"SO-20250753","Boston Scientific","DS-20250587","O2506-015",""
"SO-20250420","Hyundai America Technical Center, Inc.","DS-20250588","O2506-016",""
"SO-20250421","Hyundai America Technical Center, Inc.","DS-20250588","O2506-016",""
"SO-20250362","Inficon Inc.","DS-20250591","O2506-017",""
"SO-20250536","Triple Ring Technologies, Inc.","DS-20250592","O2506-018",""
"SO-20250360","Maritime Applied Physics Corporation dba BlackSea Technologies","DS-20250593","O2506-019",""
"SO-20250740","Echodyne Corp","DS-20250594","O2506-020",""
"SO-20250735","Uber Technologies","DS-20250595","O2506-021",""
"SO-20250729","Alta Vision Systems","DS-20250596","O2506-022",""
"SO-20250482","Automated Environments","DS-20250597","O2506-023",""
"SO-20250671","Ank Solutions","DS-20250598","O2506-024",""
"SO-20250770","BOCK OPTRONICS INC.","DS-20250599","O2506-025",""
"SO-20250776","Next Imaging, Inc.","DS-20250600","O2506-026",""
"SO-20250766","Data Stagers","DS-20250601","O2506-027",""
"SO-20250738","Physical Sciences Inc.","DS-20250602","O2506-028",""
"SO-20250545","Applied Intuition, Inc.","DS-20250603","O2506-029",""
"SO-20250614","Carnegie Robotics","DS-20250605","O2506-030",""
"SO-20250493","Aerflite Canada Inc.","DS-20250606","O2506-031",""
"SO-20250763","University of California San Diego","DS-20250607","O2506-032",""
"SO-20250786","Tenneco","DS-20250608","O2506-033",""
"SO-20250555","I4 SOLUTION, LLC","DS-20250609","O2506-034",""
"SO-20250782","Intramotev Inc","DS-20250610","O2506-035",""
"SO-20250439","M3 Technology","DS-20250611","O2506-036",""
"SO-20250706","JT4, LLC","DS-20250612","O2506-037",""
"SO-20250690","NASCENT Technology","DS-20250614","O2506-038",""
"SO-20250690","NASCENT Technology","DS-20250614","O2506-038",""
"SO-20250217","Mid-Atlantic Rugged Systems","DS-20250615","O2506-039",""
"SO-20250846","Traysar Inc.","DS-20250616","O2506-040",""
"SO-20240922","FireFly Automatix, Inc.","DS-20250617","O2506-041",""
"SO-20250866","DigiKey","DS-20250619","O2506-042",""
"SO-20250718","CCTV.Net","DS-20250620","O2506-043",""
"SO-20250372","GovSmart, Inc.","DS-20250621","O2506-044",""
"SO-20250450","GovSmart, Inc.","DS-20250623","O2506-045",""
"SO-20241051","Tek 84 Engineering Group","DS-20250625","O2506-046",""
"SO-20250384","M3 Technology","DS-20250626","O2506-047",""
"SO-20250384","M3 Technology","DS-20250626","O2506-047",""
"SO-20241052","Tek 84 Engineering Group","DS-20250627","O2506-048",""
"SO-20250505","AeroVect Technologies Inc.","DS-20250628","O2506-049",""
"SO-20250506","AeroVect Technologies Inc.","DS-20250629","O2506-050",""
"SO-20250606","PerceptView","DS-20250630","O2506-051",""
"SO-20250847","Scout AI Inc.","DS-20250631","O2506-052",""
"SO-20250584","Intellisense Systems, Inc.","DS-20250632","O2506-053",""
"SO-20250730","QDS Systems, Inc.","DS-20250633","O2506-054",""
"SO-20250647","Bisco Industries","DS-20250634","O2506-055",""
"SO-20250734","Seafloor Systems, Inc","DS-20250635","O2506-056",""
"SO-20250078","Maritime Applied Physics Corporation dba BlackSea Technologies","DS-20250636","O2506-057",""
"SO-20250339","Maritime Applied Physics Corporation dba BlackSea Technologies","DS-20250636","O2506-057",""
"SO-20250078","Maritime Applied Physics Corporation dba BlackSea Technologies","DS-20250636","O2506-057",""
"SO-20250078","Maritime Applied Physics Corporation dba BlackSea Technologies","DS-20250636","O2506-057",""
"SO-20250826","Ohio Gravure Technologies Inc","DS-20250637","O2506-058",""
"SO-20250849","Ohio Gravure Technologies Inc","DS-20250638","O2506-059",""
"SO-20250850","InflexionPoint, LLC","DS-20250639","O2506-060",""
"SO-20250666","Construction Engineering Research Laboratory (CERL)","DS-20250640","O2506-061",""
"SO-20250710","Coleman Technologies, Inc. DBA Sciotex","DS-20250645","O2506-062",""
"SO-20250483","Automated Environments","DS-20250646","O2506-063",""
"SO-20250078","Maritime Applied Physics Corporation dba BlackSea Technologies","DS-20250647","O2506-064",""
"SO-20250078","Maritime Applied Physics Corporation dba BlackSea Technologies","DS-20250647","O2506-064",""
"SO-20250078","Maritime Applied Physics Corporation dba BlackSea Technologies","DS-20250647","O2506-064",""
"SO-20250894","DigiKey","DS-20250648","O2506-065",""
"SO-20250772","Arete","DS-20250649","O2506-066",""
"SO-20250551","Aerflite Canada Inc.","DS-20250650","O2506-067",""
"SO-20250824","Detroit Diesel Corporation","DS-20250651","O2506-068",""
"SO-20250658","Flanders Inc","DS-20250652","O2506-069",""
"SO-20250784","Flanders Inc","DS-20250653","O2506-070",""
"SO-20250665","FireFly Automatix, Inc.","DS-20250654","O2506-071",""
"SO-20250771","Virginia Tech Transportation Institute","DS-20250655","O2506-072",""
"SO-20250715","Yokohama Tire Corporation","DS-20250656","O2506-073",""
"SO-20250758","Seafloor Systems, Inc","DS-20250657","O2506-074",""
"SO-20250242","Aerflite Canada Inc.","DS-20250658","O2506-075",""
"SO-20250643","University of Illinois Urbana-Champaign","DS-20250660","O2506-076",""
"SO-20250744","COAST Automation","DS-20250661","O2506-077",""
"SO-20250673","Novatel","DS-20250662","O2506-078",""
"SO-20250885","Sami Agtech Inc","DS-20250663","O2506-079",""
"SO-20250389","Urban Transportation Associates","DS-20250664","O2506-080",""
"SO-20250869","Echodyne Corp","DS-20250665","O2506-081",""
"SO-20250660","Evolution Motion Solutions","DS-20250666","O2506-082",""
"SO-20250875","W5 Engineering","DS-20250667","O2506-083",""
"SO-20250709","NASA/Johnson Space Center","DS-20250668","O2506-084",""
"SO-20250736","MIT Lincoln Laboratory","DS-20250669","O2506-085",""
"SO-20250915","Ruby Robotics","DS-20250670","O2506-086",""
"SO-20250880","AeroVect Technologies Inc.","DS-20250671","O2506-087",""
"SO-20250773","Advantage Electric Supply","DS-20250673","O2506-088",""
"SO-20250762","Aurrigo Canada Ltd","DS-20250674","O2506-089",""
"SO-20250707","A? by Airbus","DS-20250675","O2506-090",""
"SO-20250783","Texas A&M University - Bush Combat Development Complex","DS-20250676","O2506-091",""
"SO-20250860","SVS-Vistek Inc","DS-20250677","O2506-092",""
"SO-20250801","Coleman Technologies, Inc. DBA Sciotex","DS-20250678","O2506-093",""
"SO-20250892","COAST Automation","DS-20250679","O2506-094",""
"SO-20250493","Aerflite Canada Inc.","DS-20250680","O2506-095",""
"SO-20250493","Aerflite Canada Inc.","DS-20250680","O2506-095",""
"SO-20250918","Industrial PC","DS-20250681","O2506-096",""
"SO-20250344","M3 Technology","DS-20250682","O2506-097",""
"SO-20250381","M3 Technology","DS-20250682","O2506-097",""
"SO-20250382","M3 Technology","DS-20250682","O2506-097",""
"SO-20250382","M3 Technology","DS-20250682","O2506-097",""
"SO-20250381","M3 Technology","DS-20250682","O2506-097",""
"SO-20250344","M3 Technology","DS-20250682","O2506-097",""
"SO-20250876","Candela Technologies Inc","DS-20250683","O2506-098",""
"SO-20250878","COAST Automation","DS-20250684","O2506-099",""
"SO-20250923","COAST Automation","DS-20250684","O2506-099",""
"SO-20250823","MEDATech/Borterra","DS-20250685","O2506-100",""
"SO-20250804","Laserax","DS-20250686","O2506-101",""
"SO-20250887","Matthews International","DS-20250689","O2507-001",""
"SO-20250791","Automated Environments","DS-20250689","O2507-002",""
"SO-20250768","FoxEyes Corporation","DS-20250690","O2507-003",""
"SO-20250848","Scout AI Inc.","DS-20250691","O2507-004",""
"SO-20250670","Neya Systems","DS-20250692","O2507-005",""
"SO-20250837","FK MACHINERY LIMITED","DS-20250693","O2507-006",""
"SO-20250764","University of California San Diego","DS-20250696","O2507-007",""
"SO-20250716","College of Engineering - Center for Environmental Research and Technology","DS-20250697","O2507-008",""
"SO-20250648","AIM Intelligent Machines","DS-20250698","O2507-009",""
"SO-20250926","Evolution Motion Solutions","DS-20250699","O2507-010",""
"SO-20250681","Keysight Technologies, Inc.","DS-20250900","O2507-011",""
"SO-20250589","Applied Intuition, Inc.","DS-20250702","O2507-012",""
"SO-20250695","International Road Dynamics Inc.","DS-20250703","O2507-013",""
"SO-20250493","Aerflite Canada Inc.","DS-20250704","O2507-014",""
"SO-20250886","Aerflite Canada Inc.","DS-20250705","O2507-015",""
"SO-20250412","Brunswick Corporation","DS-20250707","O2507-016",""
"SO-20250765","Benthic GeoScience Inc.","DS-20250706","O2507-017",""
"SO-20250383","M3 Technology","DS-20250708","O2507-018",""
"SO-20250383","M3 Technology","DS-20250708","O2507-018",""
"SO-20250733","DCS Corp","DS-20250709","O2507-019",""
"SO-20250785","Tenneco","DS-20250710","O2507-020",""
"SO-20250698","Fugro","DS-20250711","O2507-021",""
"SO-20250803","Laserax","DS-20250713","O2507-022",""
"SO-20250769","Flyscan Systems Inc.","DS-20250714","O2507-023",""
"SO-20250651","Raise Robotics","DS-20250715","O2507-024",""
"SO-20250677","ViDARR INC.","DS-20250716","O2507-025",""
"SO-20250325","Noah Medical Corporation","DS-20250717","O2507-026",""
"SO-20250699","Novatel","DS-20250718","O2507-027",""
"SO-20250737","RIOS Intelligent Machines","DS-20250719","O2507-028",""
"SO-20250883","Intertape Polymer Group (IPG)","DS-20250720","O2507-029",""
"SO-20250732","QDS Systems, Inc.","DS-20250721","O2507-030",""
"SO-20250942","Advantage Electric Supply","DS-20250722","O2507-031",""
"SO-20250829","Contoro Inc","DS-20250723","O2507-032",""
"SO-20250949","COAST Automation","DS-20250725","O2507-033",""
"SO-20250931","Ardea Technologies Inc.","DS-20250726","O2507-034",""
"SO-20250493","Aerflite Canada Inc.","DS-20250727","O2507-035",""
"SO-20250760","Strayos Inc.","DS-20250728","O2507-036",""
"SO-20241052","Tek 84 Engineering Group","DS-20250729","O2507-037",""
"SO-20250742","Leidos Dynetics","DS-20250731","O2507-038",""
"SO-20250107","LensLock, Inc.","DS-20250732","O2507-039",""
"SO-20250965","California Designs & Systems, Inc.","DS-20250733","O2507-040",""
"SO-20250678","Flanders Inc","DS-20250734","O2507-041",""
"SO-20250969","Industrial PC","DS-20250735","O2507-042",""
"SO-20250916","Invision Ai, Inc","DS-20250736","O2507-043",""
"SO-20250702","Graftek Imaging Inc.","DS-20250737","O2507-044",""
"SO-20250950","VITA DETECTION INC.","DS-20250738","O2507-045",""
"SO-20250688","Applied Intuition, Inc.","DS-20250739","O2507-046",""
"SO-20250755","Applied Intuition, Inc.","DS-20250740","O2507-047",""
"SO-20250952","Keysight Technologies, Inc.","DS-20250741","O2507-048",""
"SO-20250959","COAST Automation","DS-20250742","O2507-049",""
"SO-20250534","RIOS Intelligent Machines","DS-20250743","O2507-050",""
"SO-20250857","FEV North America Inc.","DS-20250744","O2507-051",""
"SO-20250902","Data Stagers","DS-20250745","O2507-052",""
"SO-20250970","Advantage Electric Supply","DS-20250747","O2507-053",""
"SO-20250822","Meridian Electric Inc.","DS-20250748","O2507-054",""
"SO-20250825","Detroit Diesel Corporation","DS-20250749","O2507-055",""
"SO-20250828","Genie Mobility","DS-20250750","O2507-056",""
"SO-20250925","Joby Aviation","DS-20250751","O2507-057",""
"SO-20250751","Aeva","DS-20250752","O2507-058",""
"SO-20250617","Flyscan Systems Inc.","DS-20250753","O2507-059",""
"SO-20250243","Aerflite Canada Inc.","DS-20250754","O2507-060",""
"SO-20250244","Aerflite Canada Inc.","DS-20250754","O2507-060",""
"SO-20250945","LAPTOP PARTS JA","DS-20250757","O2507-061",""
"SO-20250981","FoxEyes Corporation","DS-20250758","O2507-062",""
"SO-20250909","Provectus Robotics Solutions Inc.","DS-20250760","O2507-063",""
"SO-20250984","Advanced Construction Robotics","DS-20250761","O2507-064",""
"SO-20250989","Honeywell International Inc","DS-20250762","O2507-065",""
"SO-20250397","SIL4 Systems, Inc.","DS-20250764","O2507-066",""
"SO-20250677","ViDARR INC.","DS-20250765","O2507-067",""
"SO-20250810","Lightning Pick","DS-20250766","O2507-068",""
"SO-20250817","CACI INC FEDERAL","DS-20250767","O2507-069",""
"SO-20250493","Aerflite Canada Inc.","DS-20250768","O2507-070",""
"SO-20251006","Leidos Dynetics","DS-20250770","O2507-071",""
"SO-20241053","Tek 84 Engineering Group","DS-20250771","O2507-072",""
"SO-20250994","Naval Engineering Test Establishment (NETE)","DS-20250772","O2507-073",""
"SO-20250383","M3 Technology","DS-20250773","O2507-074",""
"SO-20250615","Carnegie Robotics","DS-20250774","O2507-075",""
"SO-20250900","Rheinmetall Canada Inc.","DS-20250775","O2507-076",""
"SO-20250910","L3 HARRIS TECHNOLOGIES INC.","DS-20250776","O2507-077",""
"SO-20250920","Wilder Systems LLC","DS-20250777","O2507-078",""
"SO-20250731","QDS Systems, Inc.","DS-20250778","O2507-079",""
"SO-20250975","SAM Analytic Solutions","DS-20250779","O2507-080",""
"SO-20251026","Digikey","DS-2025780","O2507-081",""
"SO-20250854","WorkVis.io Inc","DS-20250781","O2507-082",""
"SO-20250906","FireFly Automatix, Inc.","DS-20250782","O2507-083",""
"SO-20250798","Virginia Tech Transportation Institute","DS-20250783","O2507-084",""
"SO-20250840","PrePass","DS-20250784","O2507-085",""
"SO-20251024","I4 SOLUTION, LLC","DS-20250785","O2507-086",""
"SO-20250792","AIBOT","DS-20250786","O2507-087",""
"SO-20251018","COAST Automation","DS-20250787","O2507-088",""
"SO-20250990","ALM Positioners Inc.","DS-20250788","O2507-089",""
"SO-20250756","Dataspeed Inc.","DS-20250789","O2507-090",""
"SO-20250884","Construction Engineering Research Laboratory (CERL)","DS-20250790","O2507-091",""
"SO-20250754","Clemson University, CU-ICAR","DS-20250791","O2507-092",""
"SO-20250858","FEV North America Inc.","DS-20250792","O2507-093",""
"SO-20250864","Boson Motor Inc","DS-20250793","O2507-094",""
"SO-20251008","Navflex Inc.","DS-20250796","O2507-095",""
"SO-20250982","CNH Industrial America LLC","DS-20250797","O2507-096",""
"SO-20251010","Keysight Technologies, Inc.","DS-20250799","O2507-097",""
"SO-20250924","Velasea","DS-20250800","O2507-098",""
"SO-20250972","AIM Intelligent Machines","DS-20250801","O2507-099",""
"SO-20251055","Boston Scientific","DS-20250802","O2507-100",""
"SO-20250907","Point Blank Enterprices, Inc","DS-20250803","O2507-101",""
"SO-20250966","Scout AI Inc.","DS-20250804","O2507-102",""
"SO-20251021","Automated Environments","DS-20250805","O2507-103",""
"SO-20250991","Uber Technologies","DS-20250806","O2507-104",""
"SO-20250790","Architectural Builders Hardware Mfg. Inc.","DS-20250807","O2507-105",""
"SO-20250107","LensLock, Inc.","DS-20250808","O2507-106",""
"SO-20251017","VITA DETECTION INC.","DS-20250810","O2507-107",""
"SO-20250971","Tenneco","DS-20250811","O2507-108",""
"SO-20251071","8th Revolution","DS-20250812","O2507-109",""
"SO-20250870","Anixter Inc.","DS-20250813","O2507-110",""
"SO-20251060","Laserax","DS-20250814","O2507-111",""
"SO-20251069","Concurrent Real-Time, Inc.","DS-20250815","O2507-112",""
"SO-20250562","Maritime Applied Physics Corporation dba BlackSea Technologies","DS-20250816","O2507-113",""
"SO-20250563","Maritime Applied Physics Corporation dba BlackSea Technologies","DS-20250817","O2507-114",""
"SO-20250793","Carnegie Robotics","DS-20250818","O2507-115",""
"SO-20250794","Carnegie Robotics","DS-20250818","O2507-115",""
"SO-20250996","Inficon Inc.","DS-20250819","O2507-116",""
"SO-20250655","Seafloor Systems, Inc","DS-20250820","O2507-117",""
"SO-20251007","Navflex Inc.","DS-20250821","O2507-118",""
"SO-20250963","COAST Automation","DS-20250822","O2507-119",""
"SO-20250787","MACHINEX INDUSTRIES INC.","DS-20250823","O2507-120",""
"SO-20250901","Ocean Power Technologies, Inc.","DS-20250824","O2507-121",""
"SO-20250743","Construction Engineering Research Laboratory (CERL)","DS-20250827","O2507-122",""
"SO-20250727","Pacific Northwest National Lab","DS-20250828","O2507-123",""
"SO-20250727","Pacific Northwest National Lab","DS-20250828","O2507-123",""
"SO-20250929","Palladyne AI Corp.","DS-20250831","O2508-001",""
"SO-20250930","Elevate Robotics","DS-20250833","O2508-002",""
"SO-20250997","Globe Machine Manufacturing Company Burelbach Industries","DS-20250834","O2508-003",""
"SO-20250985","Boston Scientific","DS-20250835","O2508-004",""
"SO-20250889","Boston Scientific","DS-20250836","O2508-005",""
"SO-20251035","Boston Scientific","DS-20250837","O2508-006",""
"SO-20250390","Urban Transportation Associates","DS-20250838","O2508-007",""
"SO-20251101","Digikey","DS-20250839","O2508-008",""
"SO-20250903","PrePass","DS-20250840","O2508-009",""
"SO-20250888","Boston Scientific","DS-20250841","O2508-010",""
"SO-20250993","Naval Engineering Test Establishment (NETE)","DS-20250842","O2508-011",""
"SO-20250494","Aerflite Canada Inc.","DS-20250843","O2508-012",""
"SO-20250751","Aeva","DS-20250752r","O2508-013",""
"SO-20251112","Digikey","DS-20250844","O2508-014",""
"SO-20251043","Boston Scientific","DS-20250845","O2508-015",""
"SO-20250865","Boston Scientific","DS-20250846","O2508-016",""
"SO-20251109","Xiris Automation Inc.","DS-20250847","O2508-017",""
"SO-20250843","Boston Scientific","DS-20250848","O2508-018",""
"SO-20250904","Boston Scientific","DS-20250849","O2508-019",""
"SO-20250799","Near Earth Autonomy","DS-20250850","O2508-020",""
"SO-20251088","SAM Analytic Solutions","DS-20250851","O2508-021",""
"SO-20250844","PaR Systems, LLC","DS-20250852","O2508-022",""
"SO-20250893","RDI Technologies","DS-20250853","O2508-023",""
"SO-20250951","InflexionPoint, LLC","DS-20250854","O2508-024",""
"SO-20241054","Tek 84 Engineering Group","DS-20250855","O2508-025",""
"SO-20251092","Sixense Inc","DS-20250857","O2508-026",""
"SO-20250899","Contoro Inc","DS-20250858","O2508-027",""
"SO-20250896","Honeywell International Inc","DS-20250859","O2508-028",""
"SO-20250927","USA Vision Systems Inc.","DS-20250860","O2508-029",""
"SO-20251068","Aerflite Canada Inc.","DS-20250861","O2508-030",""
"SO-20251118","EmbedTek, LLC","DS-20250862","O2508-031",""
"SO-20250992","MEDATech/Borterra","DS-20250863","O2508-032",""
"SO-20251119","WorkVis.io Inc","DS-20250864","O2508-033",""
"SO-20251080","Dexterity, Inc.","DS-20250865","O2508-034",""
"SO-20250795","Outrider Technologies, Inc.","DS-20250866","O2508-035",""
"SO-20251132","I4 SOLUTION, LLC","DS-20250867","O2508-036",""
"SO-20251061","InflexionPoint, LLC","DS-20250868","O2508-037",""
"SO-20251094","InflexionPoint, LLC","DS-20250869","O2508-038",""
"SO-20251066","Mitsubishi Electric Automotive America, Inc.","DS-20250870","O2508-039",""
"SO-20251034","Bluewater Autonomy","DS-20250871","O2508-040",""
"SO-20251130","General Technics Inc","DS-20250872","O2508-041",""
"SO-20250980","Helm.ai","DS-20250873","O2508-042",""
"SO-20251122","ON2TECH INC. dba CWC Group
Inc","DS-20250874","O2508-043",""
"SO-20250956","CACI INC FEDERAL","DS-20250875","O2508-044",""
"SO-20251005","Crafco, Inc.","DS-20250877","O2508-045",""
"SO-20250494","Aerflite Canada Inc.","DS-20250878","O2508-046",""
"SO-20251014","SHI International Corp","DS-20250879","O2508-047",""
"SO-20251120","Ank Solutions","DS-20250880","O2508-048",""
"SO-20251025","QDS Systems, Inc.","DS-20250881","O2508-049",""
"SO-20251136","Inficon Inc.","DS-20250882","O2508-050",""
"SO-20251036","Boston Scientific","DS-20250883","O2508-051",""
"SO-20251117","Boston Scientific","DS-20250884","O2508-052",""
"SO-20251033","Lightning Pick","DS-20250885","O2508-053",""
"SO-20250868","Google LLC","DS-20250886","O2508-054",""
"SO-20251009","American Portwell Technology, Inc.","DS-20250889","O2508-055",""
"SO-20251000","U.S. Department of Agriculture","DS-20250890","O2508-056",""
"SO-20251123","Conception R P Inc","DS-20250891","O2508-057",""
"SO-20250613","Mid-Atlantic Rugged Systems","DS-20250892","O2508-058",""
"SO-20250739","University of South Carolina- Integrated Multiphysics & Systems Engineering Laboratory (iMSEL)","DS-20250893","O2508-059",""
"SO-20251164","COAST Automation","DS-20250894","O2508-060",""
"SO-20251157","California Designs & Systems, Inc.","DS-20250895","O2508-061",""
"SO-20250494","Aerflite Canada Inc.","DS-20250896","O2508-062",""
"SO-20250637","FireFly Automatix, Inc.","DS-20250897","O2508-063",""
"SO-20251150","Next Imaging, Inc.","DS-20250898","O2508-064",""
"SO-20251154","Applied Medical Resources Corporation","DS-20250899","O2508-065",""
"SO-20251059","Noah Medical Corporation","DS-20250900","O2508-066",""
"SO-20251077","A.B. Distributing, Inc.","DS-20250901","O2508-067",""
"SO-20251144","A.B. Distributing, Inc.","DS-20250902","O2508-068",""
"SO-20250484","Automated Environments","DS-20250904","O2508-069",""
"SO-20250867","Bluewater Autonomy","DS-20250905","O2508-070",""
"SO-20250898","Contoro Inc","DS-20250906","O2508-071",""
"SO-20251045","Virginia Tech Transportation Institute","DS-20250907","O2508-072",""
"SO-20251171","RPI","DS-20250909","O2508-073",""
"SO-20251065","General Technics Inc","DS-20250910","O2508-074",""
"SO-20250494","Aerflite Canada Inc.","DS-20250911","O2508-075",""
"SO-20251078","Meridian Electric Inc.","DS-20250912","O2508-076",""
"SO-20250939","Lightning Pick","DS-20250913","O2508-077",""
"SO-20251148","Hard Drives Northwest","DS-20250914","O2508-078",""
"SO-20251183","Cognex Corporation","DS-20250915","O2508-079",""
"SO-20251201","Industrial PC","DS-20250916","O2508-080",""
"SO-20251206","MEDATech/Borterra","DS-20250917","O2508-081",""
"SO-20250957","CACI INC FEDERAL","DS-20250918","O2508-082",""
"SO-20250802","Scout AI Inc.","DS-20250919","O2508-083",""
"SO-20251020","Toyota Research Institute","DS-20250920","O2508-084",""
"SO-20251140","Aerflite Canada Inc.","DS-20250921","O2508-085",""
"SO-20251075","SAM Analytic Solutions","DS-20250923","O2508-086",""
"SO-20251213","Digikey","DS-20250924","O2508-087",""
"SO-20250919","Carnegie Robotics","DS-20250925","O2508-088",""
"SO-20251125","L3 HARRIS TECHNOLOGIES INC.","DS-20250926","O2508-089",""
"SO-20251190","RIOS Intelligent Machines","DS-20250927","O2508-090",""
"SO-20250590","Celestica Inc.","DS-20250928","O2508-091",""
"SO-20251108","Mission Control","DS-20250929","O2508-092",""
"SO-20251012","Candela Technologies Inc","DS-20250931","O2508-093",""
"SO-20251089","Velasea","DS-20250933","O2508-094",""
"SO-20251182","Velasea","DS-20250934","O2508-095",""
"SO-20251134","Bluewater Autonomy","DS-20250937","O2508-096",""
"SO-20251104","MCL Industries, Inc.","DS-20250938","O2508-097",""
"SO-20251149","Intelligent Wellhead Systems","DS-20250939","O2508-098",""
"SO-20251239","Digikey","DS-20250940","O2508-099",""
"SO-20251232","Kawasaki Robotics (USA), Inc.","DS-20250941","O2508-100",""
"SO-20251146","Boston Scientific","DS-20250943","O2509-001",""
"SO-20251165","Boston Scientific","DS-20250944","O2509-002",""
"SO-20251160","Boston Scientific","DS-20250945","O2509-003",""
"SO-20251129","Laserax","DS-20250946","O2509-004",""
"SO-20251104","MCL Industries, Inc.","DS-20250947","O2509-005",""
"SO-20251138","LA Metro","DS-20250948","O2509-006",""
"SO-20251139","LA Metro","DS-20250949","O2509-007",""
"SO-20250938","Carnegie Robotics","DS-20250950","O2509-008",""
"SO-20250948","SHI International Corp","DS-20250951","O2509-009",""
"SO-20251047","BDR Labs Inc","DS-20250952","O2509-010",""
"SO-20251028","Echodyne Corp","DS-20250953","O2509-011",""
"SO-20251246","Digikey","DS-20250954","O2509-012",""
"SO-20251096","Dexterity, Inc.","DS-20250955","O2509-013",""
"SO-20251040","Outrider Technologies, Inc.","DS-20250957","O2509-014",""
"SO-20251225","Next Imaging, Inc.","DS-20250958","O2509-015",""
"SO-20251042","Applied Intuition, Inc.","DS-20250961","O2509-016",""
"SO-20251240","Boston Scientific","DS-20250962","O2509-017",""
"SO-20250591","Celestica Inc.","DS-20250963","O2509-018",""
"SO-20250819","Celestica Inc.","DS-20250964","O2509-019",""
"SO-20250494","Aerflite Canada Inc.","DS-20250965","O2509-020",""
"SO-20251039","International Road Dynamics Inc.","DS-20250966","O2509-021",""
"SO-20251016","Four Growers","DS-20250967","O2509-022",""
"SO-20251096","Dexterity, Inc.","DS-20250968","O2509-023",""
"SO-20251238","Construction Engineering Research Laboratory (CERL)","DS-20250969","O2509-024",""
"SO-20251041","Hyundai America Technical Center, Inc.","DS-20250970","O2509-025",""
"SO-20251141","Yokohama Tire Corporation","DS-20250971","O2509-026",""
"SO-20250867","Bluewater Autonomy","DS-20250972","O2509-027",""
"SO-20251252","Echodyne Corp","DS-20250973","O2509-028",""
"SO-20251147","A? by Airbus","DS-20250974","O2509-029",""
"SO-20251263","Industrial PC","DS-20250975","O2509-030",""
"SO-20251114","Celestica Inc.","DS-20250976","O2509-031",""
"SO-20251255","COAST Automation","DS-20250977","O2509-032",""
"SO-20251107","Ocean Power Technologies, Inc.","DS-20250978","O2509-033",""
"SO-20251099","Norlab
Universit? Laval","DS-20250979","O2509-034",""
"SO-20251100","Norlab
Universit? Laval","DS-20250979","O2509-034",""
"SO-20250788","MACHINEX INDUSTRIES INC.","DS-20250980","O2509-035",""
"SO-20251079","SHI International Corp","DS-20250981","O2509-036",""
"SO-20251151","InfraVis LLC","DS-20250982","O2509-037",""
"SO-20251105","Laserax","DS-20250983","O2509-038",""
"SO-20251115","Velociti LLC","DS-20250984","O2509-039",""
"SO-20251081","CACI INC FEDERAL","DS-20250985","O2509-040",""
"SO-20251110","Intramotev Inc","DS-20250986","O2509-041",""
"SO-20251274","General Technics Inc","DS-20250987","O2509-042",""
"SO-20251275","California Designs & Systems, Inc.","DS-20250988","O2509-043",""
"SO-20251282","COAST Automation","DS-20250990","O2509-044",""
"SO-20251266","Ohio Gravure Technologies Inc","DS-20250991","O2509-045",""
"SO-20251278","QDS Systems, Inc.","DS-20250992","O2509-046",""
"SO-20251270","ManTech International Corporation","DS-20250994","O2509-047",""
"SO-20251073","Pattern Labs, Inc.","DS-20250995","O2509-048",""
"SO-20251158","Sizelabs Corp","DS-20250996","O2509-049",""
"SO-20251159","Sizelabs Corp","DS-20250997","O2509-050",""
"SO-20251188","Sizelabs Corp","DS-20250998","O2509-051",""
"SO-20251189","Sizelabs Corp","DS-20250999","O2509-052",""
"SO-20251219","Boston Scientific","DS-20251000","O2509-053",""
"SO-20251199","Contoro Inc","DS-20251001","O2509-054",""
"SO-20251221","Boston Scientific","DS-20251002","O2509-055",""
"SO-20251170","Rheinmetall Canada Inc.","DS-20251004","O2509-056",""
"SO-20251200","University of California San Diego","DS-20251005","O2509-057",""
"SO-20251216","Dataspeed Inc.","DS-20251006","O2509-058",""
"SO-20251121","Ardea Technologies Inc.","DS-20251007","O2509-059",""
"SO-20251156","Science Engineering Associates, Inc.","DS-20251008","O2509-060",""
"SO-20251062","Helm.ai","DS-20251009","O2509-061",""
"SO-20251211","Aerflite Canada Inc.","DS-20251010","O2509-062",""
"SO-20241055","Tek 84 Engineering Group","DS-20251011","O2509-063",""
"SO-20251180","Sacramento Municipal Utility District","DS-20251012","O2509-064",""
"SO-20251011","Physical Sciences Inc.","DS-20251013","O2509-065",""
"SO-20251152","AIM Intelligent Machines","DS-20251014","O2509-066",""
"SO-20251300","MOTIVE ENERGY, INC.","DS-20251015","O2509-067",""
"SO-20251305","Visionary Technologies","DS-20251016","O2509-068",""
"SO-20251256","Mainspring Energy, Inc.","DS-20251017","O2509-069",""
"SO-20251131","Acuitus Ag","DS-20251018","O2509-070",""
"SO-20250978","Lightning Pick","DS-20251019","O2509-071",""
"SO-20251303","COAST Automation","DS-20251020","O2509-072",""
"SO-20251185","Tenneco","DS-20251021","O2509-073",""
"SO-20251184","PaR Systems, LLC","DS-20251022","O2509-074",""
"SO-20251186","Mcity - University of Michigan","DS-20251023","O2509-075",""
"SO-20251310","Uber Technologies","DS-20251024","O2509-076",""
"SO-20251230","Ball Horticultural Company","DS-20251025","O2509-077",""
"SO-20251317","Aerflite Canada Inc.","DS-20251027","O2509-078",""
"SO-20250495","Aerflite Canada Inc.","DS-20251028","O2509-079",""
"SO-20251320","Next Imaging, Inc.","DS-20251029","O2509-080",""
"SO-20251220","Dataspeed Inc.","DS-20251030","O2509-081",""
"SO-20251203","Dexterity, Inc.","DS-20251031","O2509-082",""
"SO-20251331","Digikey","DS-20251032","O2509-083",""
"SO-20251224","Keysight Technologies, Inc.","DS-20251033","O2509-084",""
"SO-20251237","E-Technologies Group, LLC","DS-20251034","O2509-085",""
"SO-20251276","E-Technologies Group, LLC","DS-20251035","O2509-086",""
"SO-20250933","Applied Intuition, Inc.","DS-20251037","O2509-087",""
"SO-20251103","International motors","DS-20251038","O2509-088",""
"SO-20250495","Aerflite Canada Inc.","DS-20251039","O2509-089",""
"SO-20251242","QDS Systems, Inc.","DS-20251040","O2509-090",""
"SO-20251223","Herzog Services, Inc","DS-20251041","O2509-091",""
"SO-20251196","FEV North America Inc.","DS-20251042","O2509-092",""
"SO-20251290","Advanced Technology Systems Company","DS-20251044","O2509-093",""
"SO-20251029","Automated Environments","DS-20251045","O2509-094",""
"SO-20251168","Jeld Wen Engineering","DS-20251046","O2509-095",""
"SO-20251344","California Designs & Systems, Inc.","DS-20251047","O2509-096",""
"SO-20251203","Dexterity, Inc.","DS-20251048","O2509-097",""
"SO-20251269","ASI Technologies","DS-20251049","O2509-098",""
"SO-20251329","Laserax","DS-20251052","O2509-099",""
"SO-20251197","FEV North America Inc.","DS-20251053","O2509-100",""
"SO-20251330","Wilder Systems LLC","DS-20251054","O2509-101",""
"SO-20251355","Digikey","DS-20251055","O2509-102",""
"SO-20251354","Laserax","DS-20251057","O2509-103",""
"SO-20251360","Measurement Instruments","DS-20251058","O2509-104",""
"SO-20251356","W5 Engineering","DS-20251059","O2509-105",""
"SO-20251289","California Designs & Systems, Inc.","DS-20251060","O2509-106",""
"SO-20251040","Outrider Technologies, Inc.","DS-20251061","O2509-107",""
"SO-20251321","COAST Automation","DS-20251062","O2509-108",""
"SO-20251095","Dexterity, Inc.","DS-20251063","O2509-109",""
"SO-20251198","Neya Systems","DS-20251064","O2509-110",""
"SO-20250495","Aerflite Canada Inc.","DS-20251065","O2509-111",""
"SO-20251273","Keysight Technologies, Inc.","DS-20251066","O2509-112",""
"SO-20251364","Industrial PC","DS-20251067","O2509-113",""
"SO-20251284","Monteris Medical","DS-20251068","O2509-114",""
"SO-20251350","COAST Automation","DS-20251069","O2509-115",""
"SO-20251235","Boston Scientific","DS-20251070","O2509-116",""
"SO-20251241","Boston Scientific","DS-20251071","O2509-117",""
"SO-20251372","General Technics Inc","DS-20251072","O2510-001",""
"SO-20251380","Industrial PC","DS-20251073","O2510-002",""
"SO-20251046","Cognex Corporation","DS-20251074","O2510-003",""
"SO-20251046","Cognex Corporation","DS-20251074","O2510-003",""
"SO-20251286","Peak WiFi, LLC","DS-20251075","O2510-004",""
"SO-20250935","Applied Intuition, Inc.","DS-20251076","O2510-005",""
"SO-20251231","Vortex Systems LLC","DS-20251078","O2510-006",""
"SO-20251257","Leidos, Inc.","DS-20251079","O2510-007",""
"SO-20251382","COAST Automation","DS-20251080","O2510-008",""
"SO-20251383","COAST Automation","DS-20251080","O2510-008",""
"SO-20251208","Laserax","DS-20251082","O2510-009",""
"SO-20251370","Fox
Corporation - WITI","DS-20251083","O2510-010",""
"SO-20251375","COAST Automation","DS-20251084","O2510-011",""
"SO-20251166","Carnegie Robotics","DS-20251086","O2510-012",""
"SO-20251215","Purdue University","DS-20251087","O2510-013",""
"SO-20251323","Boston Scientific","DS-20251088","O2510-014",""
"SO-20251411","Digikey","DS-20251089","O2510-015",""
"SO-20251409","Industrial PC","DS-20251090","O2510-016",""
"SO-20251298","Ball Horticultural Company","DS-20251091","O2510-017",""
"SO-20251027","MEDATech/Borterra","DS-20251092","O2510-018",""
"SO-20251162","Navico Group Americas LLC","DS-20251093","O2510-019",""
"SO-20250495","Aerflite Canada Inc.","DS-20251094","O2510-020",""
"SO-20251319","One-Off Robotics","DS-20251096","O2510-021",""
"SO-20251429","General Technics Inc","DS-20251098","O2510-022",""
"SO-20251433","Royal Newfoundland
Constabulary","DS-20251099","O2510-023",""
"SO-20251172","Centre de technologies avanc?es BRP - Universit? de Sherbrooke (CTA)","DS-20251100","O2510-024",""
"SO-20251169","Uber Technologies","DS-20251101","O2510-025",""
"SO-20251377","Aerflite Canada Inc.","DS-20251102","O2510-026",""
"SO-20250936","Applied Intuition, Inc.","DS-20251103","O2510-027",""
"SO-20251441","COAST Automation","DS-20251104","O2510-028",""
"SO-20250789","MACHINEX INDUSTRIES INC.","DS-20251105","O2510-029",""
"SO-20251428","City Detect Inc","DS-20251106","O2510-030",""
"SO-20251265","PrePass","DS-20251107","O2510-031",""
"SO-20251318","Aerflite Canada Inc.","DS-20251108","O2510-032",""
"SO-20251378","Aerflite Canada Inc.","DS-20251109","O2510-033",""
"SO-20250820","Celestica Inc.","DS-20251110","O2510-034",""
"SO-20251067","Flanders Inc","DS-20251111","O2510-035",""
"SO-20251335","Scout AI Inc.","DS-20251113","O2510-036",""
"SO-20251196","FEV North America Inc.","DS-20251114","O2510-037",""
"SO-20251454","Digikey","DS-20251115","O2510-038",""
"SO-20251111","NASA/Johnson Space Center","DS-20251116","O2510-039",""
"SO-20251053","Rheinmetall Canada Inc.","DS-20251117","O2510-040",""
"SO-20251126","Sanctuary Cognitive System Co","DS-20251118","O2510-041",""
"SO-20251316","SILGAN WHITE CAP LLC","DS-20251119","O2510-042",""
"SO-20250495","Aerflite Canada Inc.","DS-20251120","O2510-043",""
"SO-20251337","Aerflite Canada Inc.","DS-20251121","O2510-044",""
"SO-20251145","Near Earth Autonomy","DS-20251122","O2510-045",""
"SO-20251262","International Road Dynamics Inc.","DS-20251123","O2510-046",""
"SO-20251205","Advanced Construction Robotics","DS-20251124","O2510-047",""
"SO-20251338","Advanced Construction Robotics","DS-20251125","O2510-048",""
"SO-20251070","Applied Intuition, Inc.","DS-20251126","O2510-049",""
"SO-20251324","Boston Scientific","DS-20251127","O2510-050",""
"SO-20251222","Scout AI Inc.","DS-20251128","O2510-051",""
"SO-20251254","Lightning Pick","DS-20251130","O2510-052",""
"SO-20251452","University of California San Diego","DS-20251131","O2510-053",""
"SO-20251202","Hyundai America Technical Center, Inc.","DS-20251132","O2510-054",""
"SO-20251463","DSC Dredge LLC","DS-20251135","O2510-055",""
"SO-20251471","General Technics Inc","DS-20251136","O2510-056",""
"SO-20251174","Near Earth Autonomy","DS-20251137","O2510-057",""
"SO-20251175","Uber Technologies","DS-20251138","O2510-058",""
"SO-20251250","Boston Scientific","DS-20251139","O2510-059",""
"SO-20251283","Boston Scientific","DS-20251140","O2510-060",""
"SO-20251376","Aerflite Canada Inc.","DS-20251142","O2510-061",""
"SO-20251261","V?hicule Autonome Universit? Laval (VAUL)","DS-20251142","O2510-062",""
"SO-20251229","Cyngn Inc.","DS-20251143","O2510-063",""
"SO-20251253","Seafloor Systems, Inc","DS-20251144","O2510-064",""
"SO-20251474","Bisco Industries","DS-20251146","O2510-065",""
"SO-20251483","Digikey","DS-20251148","O2510-066",""
"SO-20251402","Aeva","DS-20251149","O2510-067",""
"SO-20251294","Evolution Motion Solutions","DS-20251150","O2510-068",""
"SO-20251304","Evolution Motion Solutions","DS-20251151","O2510-069",""
"SO-20251265","PrePass","DS-20251152","O2510-070",""
"SO-20251314","Next Imaging, Inc.","DS-20251153","O2510-071",""
"SO-20251488","Digikey","DS-20251154","O2510-072",""
"SO-20251287","International Road Dynamics Inc.","DS-20251155","O2510-073",""
"SO-20251489","Digikey","DS-20251156","O2510-074",""
"SO-20251167","Dexterity, Inc.","DS-20251157","O2510-075",""
"SO-20251347","Echodyne Corp","DS-20251158","O2510-076",""
"SO-20251465","DSC Dredge LLC","DS-20251159","O2510-077",""
"SO-20251153","AIM Intelligent Machines","DS-20251161","O2510-078",""
"SO-20251447","PitPro
Automation","DS-20251162","O2510-079",""
"SO-20250452","Tek 84 Engineering Group","DS-20251163","O2510-080",""
"SO-20251306","Advanced Technology and Research Corporation","DS-20251164","O2510-081",""
"SO-20251505","Digikey","DS-20251165","O2510-082",""
"SO--20251419","Uponor, Inc.","DS-20251166","O2510-083",""
"SO-20251227","The Timken Company","DS-20251167","O2510-084",""
"SO-20251325","Boston Scientific","DS-20251168","O2510-085",""
"SO-20251492","Industrial PC","DS-20251169","O2510-086",""
"SO-20251500","Meridian Electric Inc.","DS-20251170","O2510-087",""
"SO-20251113","Applied Intuition, Inc.","DS-20251172","O2510-088",""
"SO-20251457","Vermeer Corporation","DS-20251173","O2510-089",""
"SO-20251260","InflexionPoint, LLC","DS-20251174","O2510-090",""
"SO-20251518","COAST Automation","DS-20251175","O2510-091",""
"SO-20251407","Carnegie Robotics","DS-20251176","O2510-092",""
"SO-20251236","USACE - United States Army Corps of Engineers","DS-20251177","O2510-093",""
"SO-20251295","Ridgeline Engineering Co. (REC, Inc.)","DS-20251178","O2510-094",""
"SO-20251453","Metal Minds","DS-20251179","O2510-095",""
"SO-20251440","InflexionPoint, LLC","DS-20251180","O2510-096",""
"SO-20251516","Industrial PC","DS-20251181","O2510-097",""
"SO-20251176","Uber Technologies","DS-20251182","O2510-098",""
"SO-20251430","Noah Medical Corporation","DS-20251183","O2510-099",""
"SO-20251430","Noah Medical Corporation","DS-20251184","O2510-100",""
"SO-20251385","Scout AI Inc.","DS-20251185","O2510-101",""
"SO-20251385","Scout AI Inc.","DS-20251185r2","O2510-101",""
"SO-20251497","Pattern Labs, Inc.","DS-20251187","O2510-103",""
"SO-20251341","Graftek Imaging Inc.","DS-20251188","O2510-104",""
"SO-20251464","DSC Dredge LLC","DS-20251189","O2510-105",""
"SO-20251432","Boson Motor Inc","DS-20251190","O2510-106",""
"SO-20251296","Laserax","DS-20251191","O2510-107",""
"SO-20251400","FK MACHINERY LIMITED","DS-20251192","O2510-108",""
"SO-20251362","Lightning Pick","DS-20251193","O2510-109",""
"SO-20251281","L3 HARRIS TECHNOLOGIES INC.","DS-20251194","O2510-110",""
"SO-20251384","Palladyne AI Corp.","DS-20251195","O2510-111",""
"SO-20251410","International Road Dynamics Inc.","DS-20251196","O2510-112",""
"SO-20251408","Terabox SPA","DS-20251197","O2510-113",""
"SO-20251481","COAST Automation","DS-20251198","O2510-114",""
"SO-20251194","Neya Systems","DS-20251199","O2510-115",""
"SO-20251177","Uber Technologies","DS-20251200","O2510-116",""
"SO-20251393","Boston Scientific","DS-20251201","O2510-117",""
"SO-20251406","University of Illinois Urbana-Champaign","DS-20251202","O2510-118",""
"SO-20251397","PaR Systems, LLC","DS-20251203","O2510-119",""
"SO-20251299","ABB ?lectrification Canada
Inc.","DS-20251204","O2510-120",""
"SO-20251394","Boston Scientific","DS-20251206","O2510-121",""
"SO-20251395","Boston Scientific","DS-20251207","O2510-122",""
"SO-20251353","Construction Engineering Research Laboratory (CERL)","DS-20251208","O2510-123",""
"SO-20251357","W5 Engineering","DS-20251209","O2510-124",""
"SO-20251436","W5 Engineering","DS-20251210","O2510-125",""
"SO-20251398","PaR Systems, LLC","DS-20251211","O2510-126",""
"SO-20251399","PaR Systems, LLC","DS-20251211","O2510-126",""
"SO-20251381","International Road Dynamics Inc.","DS-20251212","O2510-127",""
"SO-20251401","Flanders Inc","DS-20251213","O2510-128",""
"SO-20251391","Intelligent Energy Systems","DS-20251214","O2511-001",""
"SO-20251435","Flanders Inc","DS-20251216","O2511-002",""
"SO-20251459","LM3 TECHNOLOGIES INC","DS-20251217","O2511-003",""
"SO-20251540","COAST Automation","DS-20251218","O2511-004",""
"SO-20251354","Laserax","DS-20251219","O2511-005",""
"SO-20251444","Alta Vision Systems","DS-20251220","O2511-006",""
"SO-20251502","Uber Technologies","DS-20251222","O2511-007",""
"SO-20251174","Near Earth Autonomy","DS-20251223","O2511-008",""
"SO-20251538","Emergent Vision Technologies
Inc.","DS-20251224","O2511-009",""
"SO-20251365","ASRC Federal","DS-20251225","O2511-010",""
"SO-20251455","Applied Intuition, Inc.","DS-20251226","O2511-011",""
"SO-20251369","Northbay Networks","DS-20251227","O2511-012",""
"SO-20251554","Metal Minds","DS-20251228","O2511-013",""
"SO-20251367","Maritime Applied Physics Corporation dba BlackSea Technologies","DS-20251229","O2511-014",""
"SO-20251552","COAST Automation","DS-20251230","O2511-015",""
"SO-20251545","Laserax","DS-20251231","O2511-016",""
"SO-20251251","Ridgeline Engineering Co. (REC, Inc.)","DS-20251232","O2511-017",""
"SO-20251551","Aerflite Canada Inc.","DS-20251233","O2511-018",""
"SO-20251412","Anixter Inc.","DS-20251234","O2511-019",""
"SO-20251506","Intramotev Inc","DS-20251235","O2511-020",""
"SO-20251499","FK MACHINERY LIMITED","DS-20251236","O2511-021",""
"SO-20251490","Boston Scientific","DS-20251237","O2511-022",""
"SO-20251491","Boston Scientific","DS-20251238","O2511-023",""
"SO-20251311","PrePass","DS-20251239","O2511-024",""
"SO-20251405","Jet Stream Systems Inc.","DS-20251241","O2511-025",""
"SO-20251563","Jabil","DS-20251242","O2511-026",""
"SO-20251520","Evolution Motion Solutions","DS-20251243","O2511-027",""
"SO-20251561","Ardea Technologies Inc.","DS-20251244","O2511-028",""
"SO-20251467","Cyngn Inc.","DS-20251245","O2511-029",""
"SO-20251248","Carnegie Robotics","DS-20251247","O2511-030",""
"SO-20251548","VTG","DS-20251248","O2511-031",""
"SO-20251574","Monteris Medical","DS-20251249","O2511-032",""
"SO-20251498","DSC Dredge LLC","DS-20251250","O2511-033",""
"SO-20251472","Next Imaging, Inc.","DS-20251251","O2511-034",""
"SO-20251445","NIPSCO","DS-20251252","O2511-035",""
"SO-20251030","Automated Environments","DS-20251253","O2511-036",""
"SO-20251524","COAST Automation","DS-20251254","O2511-037",""
"SO-20251446","AeroVect Technologies Inc.","DS-20251255","O2511-038",""
"SO-20251602","Digikey","DS-20251256","O2511-039",""
"SO-20251603","Digikey","DS-20251257","O2511-040",""
"SO-20251557","Safetymind","DS-20251258","O2511-041",""
"SO-20251481","COAST Automation","DS-20251259","O2511-042",""
"SO-20251258","Candela Technologies Inc","DS-20251260","O2511-043",""
"SO-20251259","Candela Technologies Inc","DS-20251260","O2511-043",""
"SO-20251588","ISIDRO DE LEON","DS-20251261","O2511-044",""
"SO-20251606","I4 SOLUTION, LLC","DS-20251262","O2511-045",""
"SO-20251611","Digikey","DS-20251264","O2511-046",""
"SO-20251179","Uber Technologies","DS-20251265","O2511-047",""
"SO-20251178","Uber Technologies","DS-20251266","O2511-048",""
"SO-20250800","Applied Intuition, Inc.","DS-20251267","O2511-049",""
"SO-20251558","Pieper Automation","DS-20251268","O2511-050",""
"SO-20251392","Greenzie","DS-20251269","O2511-051",""
"SO-20251448","PitPro
Automation","DS-20251270","O2511-052",""
"SO-20251581","Phaseshift","DS-20251271","O2511-053",""
"SO-20251625","Digikey","DS-20251272","O2511-054",""
"SO-20251450","Coleman Technologies, Inc. DBA Sciotex","DS-20251273","O2511-055",""
"SO-20251333","Monteris Medical","DS-20251274","O2511-056",""
"SO-20251571","Ank Solutions","DS-20251276","O2511-057",""
"SO-20251366","FireFly Automatix, Inc.","DS-20251277","O2511-058",""
"SO-20251630","Digikey","DS-20251279","O2511-059",""
"SO-20251527","Ascension Automation Solutions","DS-20251280","O2511-060",""
"SO-20251530","Outrun Robotics","DS-20251281","O2511-061",""
"SO-20251633","JK Peris Inc","DS-20251282","O2511-062",""
"SO-20250995","Applied Intuition, Inc.","DS-20251283","O2511-063",""
"SO-20251359","Laserax","DS-20251284","O2511-064",""
"SO-20251614","Anyware Robotics Inc.","DS-20251285","O2511-065",""
"SO-20251476","Laserax","DS-20251287","O2511-066",""
"SO-20250397","SIL4 Systems, Inc.","DS-20251288","O2511-067",""
"SO-20251639","Next Imaging, Inc.","DS-20251289","O2511-068",""
"SO-20251541","GS Engineering Inc.","DS-20251290","O2511-069",""
"SO-20251580","Lightning Pick","DS-20251291","O2511-070",""
"SO-20250600","Inficon Inc.","DS-20251292","O2511-071",""
"SO-20251348","FEV North America Inc.","DS-20251293","O2511-072",""
"SO-20251528","A? by Airbus","DS-20251294","O2511-073",""
"SO-20251648","Digikey","DS-20251296","O2511-074",""
"SO-20251565","Isuzu Technical Center of America, Inc","DS-20251298","O2511-075",""
"SO-20251641","COAST Automation","DS-20251299","O2511-076",""
"SO-20251593","rStream Recycling Inc.","DS-20251300","O2511-077",""
"SO-20251585","I4 SOLUTION, LLC","DS-20251301","O2511-078",""
"SO-20251647","Monteris Medical","DS-20251302","O2511-079",""
"SO-20251507","Arrow Electronics Inc","DS-20251303","O2511-080",""
"SO-20251517","Boston Scientific","DS-20251304","O2511-081",""
"SO-20251570","Inficon Inc.","DS-20251305","O2511-082",""
"SO-20251343","Construction Engineering Research Laboratory (CERL)","DS-20251306","O2511-083",""
"SO-20251543","RDI Technologies","DS-20251307","O2511-084",""
"SO-20251617","SVS-Vistek Inc","DS-20251308","O2511-085",""
"SO-20251531","Flyscan Systems Inc.","DS-20251309","O2511-086",""
"SO-20251484","WorkVis.io Inc","DS-20251310","O2511-087",""
"SO-20251666","California Designs & Systems, Inc.","DS-20251311","O2511-088",""
"SO-20251537","Boston Scientific","DS-20251312","O2511-089",""
"SO-20251559","Pieper Automation","DS-20251316","O2512-001",""
"SO-20251536","Laserax","DS-20251317","O2512-002",""
"SO-20251515","Rheinmetall Canada Inc.","DS-20251318","O2512-003",""
"SO-20251555","Tetra Choice LLC","DS-20251319","O2512-004",""
"SO-20251676","Ball Horticultural Company","DS-20251321","O2512-005",""
"SO-20251458","Next Imaging, Inc.","DS-20251322","O2512-006",""
"SO-20251390","Navico Group Americas LLC","DS-20251323","O2512-007",""
"SO-20251573","Kulicke and Soffa Industries, Inc.","DS-20251325","O2512-008",""
"SO-20251687","Lockheed Martin Canada","DS-20251326","O2512-009",""
"SO-20251575","Scout AI Inc.","DS-20251327","O2512-010",""
"SO-20251688","Lockheed Martin Canada","DS-20251328","O2512-011",""
"SO-20251367","Maritime Applied Physics Corporation dba BlackSea Technologies","DS-20251329","O2512-012",""
"SO-20251549","SAM Analytic Solutions","DS-20251330","O2512-013",""
"SO-20250638","FireFly Automatix, Inc.","DS-20251331","O2512-014",""
"SO-20251657","VulcanForms Inc.","DS-20251332","O2512-015",""
"SO-20251532","Velasea","DS-20251333","O2512-016",""
"SO-20251501","Meridian Electric Inc.","DS-20251334","O2512-017",""
"SO-20251587","Next Imaging, Inc.","DS-20251335","O2512-018",""
"SO-20251508","FK MACHINERY LIMITED","DS-20251336","O2512-019",""
"SO-20251542","Planted Solar","DS-20251337","O2512-020",""
"SO-20251700","Pieper Automation","DS-20251338","O2512-021",""
"SO-20251527","Ascension Automation Solutions","DS-20251339","O2512-022",""
"SO-20251709","Digikey","DS-20251340","O2512-023",""
"SO-20251622","LensLock, Inc.","DS-20251341","O2512-024",""
"SO-20251504","Ocean Power Technologies, Inc.","DS-20251343","O2512-025",""
"SO-20251710","I4 SOLUTION, LLC","DS-20251344","O2512-026",""
"SO-20250453","Tek 84 Engineering Group","DS-20251345","O2512-027",""
"SO-20251604","Aeva","DS-20251346","O2512-028",""
"SO-20251721","Digikey","DS-20251348","O2512-029",""
"SO-20251722","Digikey","DS-20251349","O2512-030",""
"SO-20251723","Digikey","DS-20251350","O2512-031",""
"SO-20251616","Boston Scientific","DS-20251351","O2512-032",""
"SO-20251618","Boston Scientific","DS-20251352","O2512-033",""
"SO-20251619","Boston Scientific","DS-20251353","O2512-034",""
"SO-20251620","Boston Scientific","DS-20251354","O2512-035",""
"SO-20251621","Boston Scientific","DS-20251355","O2512-036",""
"SO-20251712","COAST Automation","DS-20251356","O2512-037",""
"SO-20251715","COAST Automation","DS-20251356","O2512-037",""
"SO-20251667","Laserax","DS-20251357","O2512-038",""
"SO-20251707","WorkVis.io Inc","DS-20251358","O2512-039",""
"SO-20251594","Custom Panel and Controls, LLC","DS-20251359","O2512-040",""
"SO-20251533","Axon Enterprise Inc.","DS-20251360","O2512-041",""
"SO-20251731","Cognex Corporation","DS-20251361","O2512-042",""
"SO-20251739","Digikey","DS-20251362","O2512-043",""
"SO-20251669","Boston Scientific","DS-20251363","O2512-044",""
"SO-20251670","Boston Scientific","DS-20251363","O2512-044",""
"SO-20251671","Boston Scientific","DS-20251363","O2512-044",""
"SO-20251486","WorkVis.io Inc","DS-20251364","O2512-045",""
"SO-20251567","Lightning Pick","DS-20251365","O2512-046",""
"SO-20251740","Boston Scientific","DS-20251366","O2512-047",""
"SO-20251654","COAST Automation","DS-20251367","O2512-048",""
"SO-20251665","Peak WiFi, LLC","DS-20251368","O2512-049",""
"SO-20251609","Detroit Diesel Corporation","DS-20251369","O2512-050",""
"SO-20251644","Physical Sciences Inc.","DS-20251370","O2512-051",""
"SO-20251345","Keysight Technologies, Inc.","DS-20251372","O2512-052",""
"SO-20251684","JK Peris Inc","DS-20251373","O2512-053",""
"SO-20251668","Genie Mobility","DS-20251374","O2512-054",""
"SO-20251477","Vermeer Corporation","DS-20251375","O2512-055",""
"SO-20251553","Carnegie Robotics","DS-20251376","O2512-056",""
"SO-20251487","Carnegie Robotics","DS-20251377","O2512-057",""
"SO-20251568","Laserax","DS-20251379","O2512-058",""
"SO-20251690","Aerflite Canada Inc.","DS-20251380","O2512-059",""
"SO-20251736","Aerflite Canada Inc.","DS-20251380","O2512-059",""
"SO-20251607","Kulicke and Soffa Industries, Inc.","DS-20251381","O2512-060",""
"SO-20251753","Industrial PC","DS-20251382","O2512-061",""
"SO-20251756","Digikey","DS-20251383","O2512-062",""
"SO-20251645","Inficon Inc.","DS-20251385","O2512-063",""
"SO-20251572","Coleman Technologies, Inc. DBA Sciotex","DS-20251386","O2512-064",""
"SO-20251757","Digikey","DS-20251387","O2512-065",""
"SO-20251550","Acuitus Ag","DS-20251388","O2512-066",""
"SO-20251713","McMaster University","DS-20251389","O2512-067",""
"SO-20251775","Digikey","DS-20251390","O2512-068",""
"SO-20251764","California Designs & Systems, Inc.","DS-20251391","O2512-069",""
"SO-20251766","CCTV.Net","DS-20251392","O2512-070",""
"SO-20251660","Intuitive Surgical","DS-20251393","O2512-071",""
"SO-20251776","Digikey","DS-20251394","O2512-072",""
"SO-20251672","KoiReader Technologies, Inc.","DS-20251395","O2512-073",""
"SO-20251786","I4 SOLUTION, LLC","DS-20251396","O2512-074",""
"SO-20251636","Boston Scientific","DS-20260001","O2601-001",""
"SO-20251686","Boston Scientific","DS-20260002","O2601-002",""
"SO-20251733","Boston Scientific","DS-20260003","O2601-003",""
"SO-20251642","Echodyne Corp","DS-20260004","O2601-004",""
"SO-20251675","Construction Engineering Research Laboratory (CERL)","DS-20260005","O2601-005",""
"SO-20251659","ADS, INC.","DS-20260006","O2601-006",""
"SO-20251729","Scout AI Inc.","DS-20260007","O2601-007",""
"SO-20251643","Echodyne Corp","DS-20260008","O2601-008",""
"SO-20251791","I4 SOLUTION, LLC","DS-20260009","O2601-009",""
"SO-20251582","Phaseshift","DS-20260010","O2601-010",""
"SO-20251790","Traffic and Parking Control Co., LLC","DS-20260011","O2601-011",""
"SO-20251456","Pave Mobility","DS-20260012","O2601-012",""
"SO-20251478","Pave Mobility","DS-20260013","O2601-013",""
"SO-20251591","Pave Mobility","DS-20260014","O2601-014",""
"SO-20251638","PerceptView","DS-20250016","O2601-015",""
"SO-20251368","Maritime Applied Physics Corporation dba BlackSea Technologies","DS-20260017","O2601-016",""
"SO-20251724","Graftek Imaging Inc.","DS-20260018","O2601-017",""
"SO-20251782","Globus Medical","DS-20260019","O2601-018",""
"SO-20251689","FK MACHINERY LIMITED","DS-20260020","O2601-019",""
"SO-20251576","Scout AI Inc.","DS-20260021","O2601-020",""
"SO-20251044","Cognex Corporation","DS-20260022","O2601-021",""
"SO-20251749","General Technics Inc","DS-20260024","O2601-022",""
"SO-20251699","ASRC Federal","DS-20260025","O2601-023",""
"SO-20251761","Rightway Fasteners","DS-20260026","O2601-024",""
"SO-20251691","TK Airport Solutions Inc.","DS-20260027","O2601-025",""
"SO-20251728","Construction Engineering Research Laboratory (CERL)","DS-20260028","O2601-026",""
"SO-20251748","Rotor Technologies, Inc.","DS-20260029","O2601-027",""
"SO-20250601","Inficon Inc.","DS-20260030","O2601-028",""
"SO-20251539","Centre de technologies avanc?es BRP - Universit? de Sherbrooke (CTA)","DS-20260031","O2601-029",""
"SO-20251696","I4 SOLUTION, LLC","DS-20260032","O2601-030",""
"SO-20251653","LensLock, Inc.","DS-20260033","O2601-031",""
"SO-20251612","Tetra Choice LLC","DS-20260034","O2601-032",""
"SO-20251656","Mistras Group","DS-20260035","O2601-033",""
"SO-20251658","VulcanForms Inc.","DS-20260036","O2601-034",""
"SO-20251451","True North Enterprises","DS-20260037","O2601-035",""
"SO-20260014","Digikey","DS-20260038","O2601-036",""
"SO-20251720","Boston Scientific","DS-20260039","O2601-037",""
"SO-20251694","Velasea","DS-20260040","O2601-038",""
"SO-20251645","Inficon Inc.","DS-20260041","O2601-039",""
"SO-20251332","Monteris Medical","DS-20260042","O2601-040",""
"SO-20251777","Metal Minds","DS-20260043","O2601-041",""
"SO-20251789","Emergent Vision Technologies
Inc.","DS-20260044","O2601-042",""
"SO-20260017","Seafloor Systems, Inc","DS-20260045","O2601-043",""
"SO-20250701","Inficon Inc.","DS-20260046","O2601-044",""
"SO-20251693","Tarracor Robotics","DS-20260047","O2601-045",""
"SO-20251705","SAM Analytic Solutions","DS-20260048","O2601-046",""
"SO-20251637","Maritime Applied Physics Corporation dba BlackSea Technologies","DS-20260049","O2601-047",""
"SO-20260018","COAST Automation","DS-20260050","O2601-048",""
"SO-20260021","Industrial PC","DS-20260051","O2601-049",""
"SO-20251751","Advanced
Computer Concepts, Inc.","DS-20260052","O2601-050",""
"SO-20251629","International Road Dynamics Inc.","DS-20260053","O2601-051",""
"SO-20260035","Industrial PC","DS-20260054","O2601-052",""
"SO-20251726","Next Imaging, Inc.","DS-20260056","O2601-054",""
"SO-20251750","InflexionPoint, LLC","DS-20260058","O2601-056",""
"SO-20260009","InflexionPoint, LLC","DS-20260059","O2601-057",""
"SO-20251692","Neya Systems","DS-20260060","O2601-058",""
"SO-20251564","Navflex Inc.","DS-20260063","O2601-059",""
"SO-20251695","FireFly Automatix, Inc.","DS-20260065","O2601-061",""
"SO-20251646","MACHINEX INDUSTRIES INC.","DS-20260066","O2601-062",""
"SO-20251763","Boston Scientific","DS-20260067","O2601-063",""
"SO-20251706","WorkVis.io Inc","DS-20260068","O2601-064",""
"SO-20251698","Laserax","DS-20260069","O2601-065",""
"SO-20251714","Applied Intuition, Inc.","DS-20260070","O2601-066",""
"SO-20251765","Avista Realtime Systems","DS-20260071","O2601-067",""
"SO-20260013","Rivian","DS-20260072","O2601-068",""
"SO-20251031","Automated Environments","DS-20260073","O2601-069",""
"SO-20260039","PT Papertech Inc.","DS-20260075","O2601-070",""
"SO-20251569","Laserax","DS-20260076","O2601-071",""
"SO-20251546","RDI Technologies","DS-20260077","O2601-072",""
"SO-20260049","COAST Automation","DS-20260078","O2601-073",""
"SO-20251730","Advanced Construction Robotics","DS-20260079","O2601-074",""
"SO-20251566","Mainspring Energy, Inc.","DS-20260080","O2601-075",""
"SO-20251734","Musashi AI","DS-20260081","O2601-076",""
"SO-20251624","International
Automation Solutions","DS-20260082","O2601-077",""
"SO-20251738","Leidos, Inc.","DS-20260083","O2601-078",""
"SO-20251592","Precitec Inc.","DS-20260084","O2601-079",""
"SO-20251679","Applied Intuition, Inc.","DS-20260085","O2601-080",""
"SO-20251608","Brunswick Corporation","DS-20260087","O2601-081",""
"SO-20260032","Ank Solutions","DS-20260088","O2601-082",""
"SO-20260056","Induparts Supply Corp","DS-20260089","O2601-083",""
"SO-20260038","FK MACHINERY LIMITED","DS-20260090","O2601-084",""
"SO-20260001","UltraFlex Power Technologies","DS-20260091","O2601-085",""
"SO-20251560","SILGAN WHITE CAP LLC","DS-20260092","O2601-086",""
"SO-20260060","Boston Scientific","DS-20260087","O2601-087",""
"SO-20260075","Boston Scientific","DS-20260095","O2601-088",""
"SO-20251778","Adara Systems Ltd.","DS-20260096","O2601-089",""
"SO-20251768","Rayhawk","DS-20260097","O2601-090",""
"SO-20251564","Navflex Inc.","DS-20260098","O2601-091",""
"SO-20260090","COAST Automation","DS-20260099","O2601-092",""
"SO-20260044","COAST Automation","DS-20260100","O2601-093",""
"SO-20260109","Xiris Automation Inc.","DS-20260101","O2601-094",""
"SO-20260106","Boston Scientific","DS-20260102","O2601-095",""
"SO-20260107","Boston Scientific","DS-20260103","O2601-096",""
"SO-20260093","Scout AI Inc.","DS-20260104","O2601-097",""
"SO-20260111","Aeva","DS-20260105","O2601-098",""
"SO-20260132","Digikey","DS-20260106","O2601-099",""
"SO-20260085","Terra Energy Partners LLC","DS-20260107","O2601-100",""
"SO-20260119","California Designs & Systems, Inc.","DS-20260108","O2601-101",""
"SO-20251650","Emergent Vision Technologies
Inc.","DS-20260109","O2601-102",""
"SO-20260140","Digikey","DS-20260110","O2601-103",""
"SO-20260082","Aerflite Canada Inc.","DS-20260111","O2601-104",""
"SO-20260130","Rivian","DS-20260112","O2601-105",""
"SO-20250639","FireFly Automatix, Inc.","DS-20260114","O2601-106",""
"SO-20260020","COAST Automation","DS-20260115","O2601-107",""
"SO-20251758","Applied Intuition, Inc.","DS-20260117","O2601-108",""
"SO-20251560","SILGAN WHITE CAP LLC","DS-20260118","O2601-109",""
"SO-20260031","Outrun Robotics","DS-20260119","O2601-110",""
"SO-20251759","Applied Intuition, Inc.","DS-20260120","O2601-111",""
"SO-20260041","Digikey","DS-20260064","O26010-060",""
"SO-20260028","TRIVAD, Inc.","DS-20260057","O2601055",""
"SO-20260143","General Dynamics Information Technology, Inc.","DS-20260121","O2602-001",""
"SO-20260137","Carnegie Robotics","DS-20260122","O2602-002",""
"SO-20260118","Simple Vision Technology","DS-20260123","O2602-003",""
"SO-20260083","Fugro","DS-20260127","O2602-004",""
"SO-20260123","Boston Scientific","DS-20260128","O2602-005",""
"SO-20260127","Palladyne AI Corp.","DS-20260129","O2602-006",""
"SO-20260149","COAST Automation","DS-20260130","O2602-007",""
"SO-20260043","KoiReader Technologies, Inc.","DS-20260131","O2602-008",""
"SO-20260108","SVS-Vistek Inc","DS-20260132","O2602-009",""
"SO-20260079","Laserax","DS-20260133","O2602-010",""
"SO-20260004","ExcelSense Technologies","DS-20260134","O2602-011",""
"SO-20251673","Outrider Technologies, Inc.","DS-20260135","O2602-012",""
"SO-20260153","Boston Scientific","DS-20260136","O2602-013",""
"SO-20260154","Boston Scientific","DS-20260137","O2602-014",""
"SO-20260141","Woodside Electronics Corp.","DS-20260138","O2602-015",""
"SO-20260155","General Technics Inc","DS-20260139","O2602-016",""
"SO-20260162","CACI INC FEDERAL","DS-20260140","O2602-017",""
"SO-20251767","Rayhawk","DS-20260141","O2602-018",""
"SO-20251770","Rayhawk","DS-20260142","O2602-019",""
"SO-20260156","COAST Automation","DS-20260143","O2602-020",""
"SO-20260002","Jet Stream Systems Inc.","DS-20260144","O2602-021",""
"SO-20260015","Eagle Vizion","DS-20260147","O2602-022",""
"SO-20251725","Neteon Technologies, Inc.","DS-20260148","O2602-023",""
"SO-20251725","Neteon Technologies, Inc.","DS-20260148","O2602-023",""
"SO-20251032","Automated Environments","DS-20260149","O2602-024",""
"SO-20260125","Monteris Medical","DS-20260150","O2602-025",""
"SO-20260174","COAST Automation","DS-20260151","O2602-026",""
"SO-20260197","Digikey","DS-20260152","O2602-027",""
"SO-20260200","Digikey","DS-20260153","O2602-028",""
"SO-20260172","Cognex Corporation","DS-20260154","O2602-029",""
"SO-20260163","Mission Control","DS-20260155","O2602-030",""
"SO-20251664","Genie Mobility","DS-20260156","O2602-031",""
"SO-20251783","JAM Services, Inc.","DS-20260157","O2602-032",""
"SO-20251727","Ocean Power Technologies, Inc.","DS-20260158","O2602-033",""
"SO-20250726","Inficon Inc.","DS-20260159","O2602-034",""
"SO-20260186","COAST Automation","DS-20260160","O2602-035",""
"SO-20260159","XFABPRO Inc.","DS-20260161","O2602-036",""
"SO-20260198","Zebra Technologies Corporation","DS-20260163","O2602-037",""
"SO-20250728","Inficon Inc.","DS-20260164","O2602-038",""
"SO-20260042","PickNik Robotics","DS-20260165","O2602-039",""
"SO-20260204","Aerflite Canada Inc.","DS-20260166","O2602-040",""
"SO-20251637","Maritime Applied Physics Corporation dba BlackSea Technologies","DS-20260167","O2602-041",""
"SO-20260196","AbeTech","DS-20260168","O2602-042",""
"SO-20260124","Monteris Medical","DS-20260169","O2602-043",""
"SO-20251680","Navico Group Americas LLC","DS-20260170","O2602-044",""
"SO-20260030","COAST Automation","DS-20260172","O2602-045",""
"SO-20260051","FoxEyes Corporation","DS-20260173","O2602-046",""
"SO-20260129","Absolute Controls","DS-20260174","O2602-047",""
"SO-20251760","COAST Automation","DS-20260175","O2602-048",""
"SO-20260213","Cognex Corporation","DS-20260176","O2602-049",""
"SO-20260087","Lightning Pick","DS-20260177","O2602-050",""
"SO-20260166","Qualcomm Technologies, Inc.","DS-20260178","O2602-051",""
"SO-20250818","Celestica Inc.","DS-20260179","O2602-052",""
"SO-20260223","AbeTech","DS-20260180","O2602-053",""
"SO-20260003","Mistras Group","DS-20260184","O2602-054",""
"SO-20251784","Centre de technologies avanc?es BRP - Universit? de Sherbrooke (CTA)","DS-20260185","O2602-055",""
"SO-20260219","Cognex Corporation","DS-20260186","O2602-056",""
"SO-20260026","Virginia Tech Transportation Institute","DS-20260187","O2602-057",""
"SO-20260117","California Designs & Systems, Inc.","DS-20260188","O2602-058",""
"SO-20260062","Access Industrial","DS-20260189","O2602-059",""
"SO-20260232","Cyngn Inc.","DS-20260190","O2602-060",""
"SO-20260217","Sigma Design, Inc.","DS-20260191","O2602-061",""
"SO-20260206","MEDATech/Borterra","DS-20260192","O2602-062",""
"SO-20260238","Industrial PC","DS-20260193","O2602-063",""
"SO-20260034","Flywheel Data","DS-20260194","O2602-064",""
"SO-20260033","Velasea","DS-20260195","O2602-065",""
"SO-20260120","CLAAS of America","DS-20260196","O2602-066",""
"SO-20260061","Bisco Industries","DS-20260197","O2602-067",""
"SO-20260142","Woodside Electronics Corp.","DS-20260198","O2602-068",""
"SO-20251792","Monteris Medical","DS-20260199","O2602-069",""
"SO-20251746","Uber Technologies","DS-20260200","O2602-070",""
"SO-20260005","Musashi AI","DS-20260201","O2602-071",""
"SO-20260040","PT Papertech Inc.","DS-20260202","O2602-072",""
"SO-20260136","Vertus","DS-20260203","O2602-073",""
"SO-20260255","Digikey","DS-20260204","O2602-074",""
"SO-20260227","International Road Dynamics Inc.","DS-20260205","O2602-075",""
"SO-20260058","Kansas State University","DS-20260206","O2602-076",""
"SO-20260065","Maritime Applied Physics Corporation dba BlackSea Technologies","DS-20260207","O2602-077",""
"SO-20260007","Scout AI Inc.","DS-20260208","O2602-078",""
"SO-20260006","Isuzu Technical Center of America, Inc","DS-20260209","O2602-079",""
"SO-20251681","Candela Technologies Inc","DS-20260210","O2602-080",""
"SO-20260165","Qualcomm Technologies, Inc.","DS-20260211","O2602-081",""
"SO-20251785","Centre de technologies avanc?es BRP - Universit? de Sherbrooke (CTA)","DS-20260212","O2602-082",""
"SO-20251511","Keysight Technologies, Inc.","DS-20260213","O2602-083",""
"SO-20251512","Keysight Technologies, Inc.","DS-20260214","O2602-084",""
"SO-20251577","Mid-Atlantic Rugged Systems","DS-20260215","O2602-085",""
"SO-20251779","The Imaging Source, LLC","DS-20260216","O2602-086",""
"SO-20260066","Aerflite Canada Inc.","DS-20260217","O2602-087",""
"SO-20260135","InflexionPoint, LLC","DS-20260219","O2602-088",""
"SO-20260215","Laserax","DS-20260220","O2602-089",""
"SO-20260045","Noah Medical Corporation","DS-20260221","O2602-090",""
"SO-20251780","The Imaging Source, LLC","DS-20260224","O2602-091",""
"SO-20260134","InflexionPoint, LLC","DS-20260225","O2602-092",""
"SO-20260152","FK MACHINERY LIMITED","DS-20260226","O2602-093",""
"SO-20260239","Aerflite Canada Inc.","DS-20260227","O2602-094",""
"SO-20260064","Tesla, Inc.","DS-20260228","O2602-095",""
"SO-20260271","Tesla, Inc.","DS-20260229","O2602-096",""
"SO-20260224","FireFly Automatix, Inc.","DS-20260230","O2602-097",""
"SO-20260027","Automated Environments","DS-20260233","O2603-001",""
"SO-20260304","Digikey","DS-20260234","O2603-002",""
"SO-20260288","Win Reality Inc.","DS-20260235","O2603-003",""
"SO-20260110","Re:Build Manufacturing","DS-20260236","O2603-004",""
"SO-20251564","Navflex Inc.","DS-20260327","O2603-005",""
"SO-20260282","COAST Automation","DS-20260238","O2603-006",""
"SO-20260285","COAST Automation","DS-20260238","O2603-006",""
"SO-20260131","Rivian","DS-20260239","O2603-007",""
"SO-20260214","Next Imaging, Inc.","DS-20260240","O2603-008",""
"SO-20260182","Areias Systems, Inc.","DS-20260241","O2603-009",""
"SO-20260068","Contoro Inc","DS-20260243","O2603-010",""
"SO-20260029","Cybernet Systems Corp.","DS-20260244","O2603-011",""
"SO-20260253","Scout AI Inc.","DS-20260245","O2603-012",""
"SO-20260250","Impel Systems Inc.","DS-20260246","O2603-013",""
"SO-20260194","Aerflite Canada Inc.","DS-20260247","O2603-014",""
"SO-20260275","Cognex Corporation","DS-20260248","O2603-015",""
"SO-20260133","InflexionPoint, LLC","DS-20260249","O2603-016",""
"SO-20260246","Product Insight","DS-20260250","O2603-017",""
"SO-20260057","Rivian","DS-20260251","O2603-018",""
"SO-20260164","Aerflite Canada Inc.","DS-20260252","O2603-019",""
"SO-20260294","Echodyne Corp","DS-20260253","O2603-020",""
"SO-20260318","Boston Scientific","DS-20260254","O2603-021",""
"SO-20260321","Boston Scientific","DS-20260255","O2603-022",""
"SO-20260322","Boston Scientific","DS-20260256","O2603-023",""
"SO-20260297","Metropolitan Water District of Southern California","DS-20260258","O2603-024",""
"SO-20260207","Qualcomm Technologies, Inc.","DS-20260259","O2603-025",""
"SO-20260019","Sonhe Industrial LLC","DS-20260260","O2603-026",""
"SO-20260260","Boston Scientific","DS-20260261","O2603-027",""
"SO-20260261","Boston Scientific","DS-20260262","O2603-028",""
"SO-20260262","Boston Scientific","DS-20260263","O2603-029",""
"SO-20260270","Boston Scientific","DS-20260264","O2603-030",""
"SO-20260295","Boston Scientific","DS-20260265","O2603-031",""
